cdn,domain_sld,ip_addr
adobe,adobe-campaign.com,192.243.228.1
adobe,helpexamples.com,192.147.130.204
adobe,syntrillium.com,192.147.130.204
adobe,mktoresp.com,192.28.147.88
adobe,creativecloud.com,192.147.130.204
adobe,mktdns.com,192.28.147.88
adobe,mktoutil.com,192.28.147.88
adobe,mktoweb.com,192.28.147.88
adobe,mktorest.com,192.28.147.88
adobe,ss-omtrdc.net,192.243.240.3
adobe,samsunggalaxy.email,192.243.228.1
adobe,assetsadobe.com,192.243.233.189
adobe,cmo.com,192.147.130.204
adobe,adobelogin.com,192.147.130.204
adobe,goodlifefitnessemail.com,192.243.228.1
adobe,ismg-mail.com,192.28.146.19
adobe,marketodesigner.com,192.28.147.88
adobe,adobetarget.com,192.147.130.204
adobe,cloudplatformonline.com,199.15.214.231
adobe,acrocomcontent.com,192.147.130.204
adobe,mktoapi.com,192.28.147.88
adobe,mktomail.com,199.15.214.178
adobe,firestonecompleteautocare-email.com,192.243.228.1
Akamai,ecosyl.se,213.52.129.81
Akamai,mtproxysa.live,172.233.219.123
Akamai,kinonadzor.co,172.237.146.25
Akamai,kinokrad.zone,172.237.146.38
Akamai,upboardguide.com,173.255.228.179
Akamai,charlottepipe.com,66.228.58.15
Akamai,healthimpactnews.com,104.200.19.217
Akamai,locationhost.com,173.230.156.69
Akamai,mastercard.cl,104.76.67.120
Akamai,hulagirlparking.com,45.33.101.88
Akamai,hoagiesgifted.org,45.33.95.26
Akamai,solarmandata.com,176.58.117.69
Akamai,jagoweb.org,172.104.48.129
Akamai,findesexfreunde.com,172.233.219.78
Akamai,pdfchef.com,23.215.0.136
Akamai,eldoce.tv,23.46.179.26
Akamai,wumbo.net,45.33.33.67
Akamai,hilti.in,95.100.104.17
Akamai,takdee168.com,172.104.190.167
Akamai,ebay.pl,104.84.150.50
Akamai,sxintegra.com.br,104.116.243.43
Akamai,figaroweb.com,23.92.23.227
Akamai,answear.com.cy,2.18.63.29
Akamai,easyfindanswers.com,172.232.102.43
Akamai,penheaven.com,178.79.178.218
Akamai,mooneygo.it,23.46.36.158
Akamai,eventotron.com,109.74.205.74
Akamai,sicredi.com.br,23.37.10.18
Akamai,petmd.com,95.100.104.14
Akamai,welovecinema.bnpparibas,92.123.189.35
Akamai,boxoh.com,172.233.219.49
Akamai,tescoinsurance.com,184.51.102.131
Akamai,expedia.ch,23.214.103.30
Akamai,samedelman.ca,23.46.10.229
Akamai,cauldrondevelopment.com,45.33.27.98
Akamai,keralamatrimony.com,23.194.4.22
Akamai,fletc.gov,23.210.164.212
Akamai,revistaraya.com,172.104.232.45
Akamai,dma.dk,172.232.147.252
Akamai,ft.education,172.104.49.38
Akamai,burton.com,184.24.68.133
Akamai,singaporeair.com,92.123.128.154
Akamai,irwinmitchell.com,23.208.249.144
Akamai,helpspot.com,45.56.104.72
Akamai,manulife.com.ph,104.90.100.44
Akamai,shopdisney.fr,23.48.247.235
Akamai,bookingcha.com,172.104.85.95
Akamai,cavangaa.ie,176.58.96.177
Akamai,columbusrecparks.com,172.234.204.128
Akamai,esky.cz,23.63.231.36
Akamai,yabsta.com,194.195.215.167
Akamai,rotork.com,2.17.100.209
Akamai,mangareader.net,172.237.146.8
Akamai,babkeeconv.com,172.104.137.160
Akamai,telemundo20.com,23.41.251.74
Akamai,publiccounsel.org,50.116.56.184
Akamai,sengokuixa.jp,23.49.167.42
Akamai,isakaabengaluru.com,194.195.115.127
Akamai,allianz.com.br,23.63.231.196
Akamai,next.co.uk,173.222.12.121
Akamai,sabaaibet168.com,139.162.9.132
Akamai,officeco.ca,45.79.104.136
Akamai,hackedonlinegames.com,45.79.41.201
Akamai,futbollatin.org,172.233.219.123
Akamai,kinoroom.one,172.237.146.25
Akamai,perfectdatingmatch.com,172.233.219.49
Akamai,altex.ro,23.63.231.209
Akamai,mastercard.co.uk,104.69.166.222
Akamai,cartoon8.tv,172.233.219.78
Akamai,starsscoop.com,172.233.219.123
Akamai,dnb.nl,92.123.189.115
Akamai,nbt.nhs.uk,109.74.199.90
Akamai,play-fortuna-casino.click,172.233.219.123
Akamai,entradas.com,104.76.72.11
Akamai,gsebsolutions.com,172.105.47.245
Akamai,asmarterplanet.com,199.46.34.76
Akamai,nbc.co.tz,178.79.178.218
Akamai,siir.me,172.105.128.106
Akamai,sgappanalytics.com,45.79.100.55
Akamai,farfetch.com,104.86.85.76
Akamai,dreamforce.com,184.31.10.133
Akamai,dungmori.com,172.105.204.198
Akamai,theretrofitsource.com,50.116.38.162
Akamai,ramenbet.co,172.237.146.25
Akamai,magickitchen.com,45.79.44.16
Akamai,amsurg.com,72.14.177.60
Akamai,home24.be,23.206.32.225
Akamai,kinobar.sbs,172.233.219.49
Akamai,dyson.bg,104.94.100.176
Akamai,havertys.com,104.103.197.3
Akamai,techgig.com,96.17.180.172
Akamai,pharaon-casino.best,172.237.146.8
Akamai,hyipoffice.studio,172.237.146.38
Akamai,vivinte.com,194.233.164.106
Akamai,digitalmartz.net,172.236.229.208
Akamai,nh-hotels.de,23.208.243.179
Akamai,bearcampcabins.com,45.33.102.119
Akamai,rbcdirectinvesting.com,23.201.254.153
Akamai,uscrimealerts.com,45.56.84.9
Akamai,hoteles.com,173.222.13.110
Alibaba_Cloud,mangatoon.mobi,8.214.4.44
Alibaba_Cloud,mindshow.fun,120.25.77.231
Alibaba_Cloud,xinqione.top,47.106.165.171
Alibaba_Cloud,20iog.com,8.222.84.33
Alibaba_Cloud,nsns.in,47.97.163.145
Alibaba_Cloud,gamecn.co,8.134.71.68
Alibaba_Cloud,ldyunos.com,47.100.97.177
Alibaba_Cloud,szdamai.com,47.106.253.164
Alibaba_Cloud,madenew.cn,47.52.161.167
Alibaba_Cloud,iu8ew.com,47.253.238.166
Alibaba_Cloud,wzfb.cn,47.94.220.92
Alibaba_Cloud,pirelli.cn,39.106.202.62
Alibaba_Cloud,gtm-a2b8.com,140.205.41.63
Alibaba_Cloud,2288bet.com,163.181.243.189
Alibaba_Cloud,shopcider.com,47.89.156.14
Alibaba_Cloud,key123.vip,120.76.38.210
Alibaba_Cloud,wc0c6.com,47.253.238.166
Alibaba_Cloud,meishesdk.com,203.107.45.167
Alibaba_Cloud,rzsimc.com,47.96.112.194
Alibaba_Cloud,kgc.cn,59.110.141.247
Alibaba_Cloud,shinewonder.com,101.200.130.155
Alibaba_Cloud,nosetime.com,8.140.174.217
Alibaba_Cloud,bczcdn.com,47.96.43.203
Alibaba_Cloud,thinkingdata.jp,8.211.140.128
Alibaba_Cloud,mjdtkt.com,60.205.33.234
Alibaba_Cloud,alfunway.xyz,8.210.106.113
Alibaba_Cloud,qiumijia.com,101.37.86.38
Alibaba_Cloud,nbdeli.com,203.107.45.167
Alibaba_Cloud,kingcak.com,47.104.166.124
Alibaba_Cloud,cbg.cn,203.107.60.192
Alibaba_Cloud,aki-game.com,106.14.182.151
Alibaba_Cloud,urbanrevivo.com,47.84.40.112
Alibaba_Cloud,qiqiuyun.net,47.99.110.162
Alibaba_Cloud,sheinfmall.com,47.106.137.12
Alibaba_Cloud,totoro.pub,47.122.16.124
Alibaba_Cloud,tkkj168.com,60.205.236.244
Alibaba_Cloud,krshb.cn,60.205.42.202
Alibaba_Cloud,szrongfang.com.cn,139.129.182.90
Alibaba_Cloud,ddzp.com,47.102.223.39
Alibaba_Cloud,subtextnews.cc,47.251.41.67
Alibaba_Cloud,jinmi.com,116.62.103.86
Alibaba_Cloud,sky-ip.net,8.210.161.165
Alibaba_Cloud,bjxuejing.cn,39.96.211.152
Alibaba_Cloud,kodcloud.com,120.26.233.26
Alibaba_Cloud,supare.com.cn,47.117.190.177
Alibaba_Cloud,winkwarpgame.cc,8.212.152.71
Alibaba_Cloud,livmet-random.com,8.214.90.18
Alibaba_Cloud,taoguba.com.cn,116.62.130.26
Alibaba_Cloud,lgyouxi.cn,118.190.15.116
Alibaba_Cloud,yijirecovery.com,182.92.61.53
Alibaba_Cloud,gayuseal.com,47.241.219.65
Alibaba_Cloud,rrcg.cn,47.98.245.204
Alibaba_Cloud,mzyfz.com,223.5.179.69
Alibaba_Cloud,saige.com,120.78.189.13
Alibaba_Cloud,qicp.vip,116.62.133.149
Alibaba_Cloud,jq22.com,47.105.146.65
Alibaba_Cloud,clewm.net,47.98.182.190
Alibaba_Cloud,yxwst58.com,112.124.202.29
Alibaba_Cloud,rainbowred.com,47.115.138.243
Alibaba_Cloud,liplus.top,47.122.86.167
Alibaba_Cloud,daraz.lk,47.246.167.168
Alibaba_Cloud,wisonic.com,120.76.200.41
Alibaba_Cloud,snzg.net,59.110.116.80
Alibaba_Cloud,kshot.com,101.37.119.3
Alibaba_Cloud,jinfengbio.com,115.29.38.82
Alibaba_Cloud,mob.com,116.62.130.46
Alibaba_Cloud,gogocash.pro,47.245.82.39
Alibaba_Cloud,jiaxianggame.com,47.95.165.126
Alibaba_Cloud,yunconfig.com,118.31.136.142
Alibaba_Cloud,gajianduluan.id,149.129.253.68
Alibaba_Cloud,zuiyouxi.com,47.93.34.95
Alibaba_Cloud,mediaradiance.com,47.88.92.90
Alibaba_Cloud,globalfastener.com,118.178.131.70
Alibaba_Cloud,china-start.cn,182.92.116.234
Alibaba_Cloud,ideanote.cc,47.75.132.249
Alibaba_Cloud,behefun.com,47.89.247.191
Alibaba_Cloud,tadu.com,47.94.45.247
Alibaba_Cloud,chinabidding.com.cn,182.92.65.195
Alibaba_Cloud,8n8n.co.jp,47.245.58.66
Alibaba_Cloud,hicheng.net,118.190.206.215
Alibaba_Cloud,gshopper.com,47.251.33.224
Alibaba_Cloud,yun.cn,59.82.31.216
Alibaba_Cloud,fydeos.com,47.246.20.193
Alibaba_Cloud,tapstitch.com,47.89.230.128
Alibaba_Cloud,2m28i.com,47.253.238.166
Alibaba_Cloud,mobilephonelocator.net,79.133.176.183
Alibaba_Cloud,kincony.com,47.254.155.180
Alibaba_Cloud,sharknames.com,47.102.46.29
Alibaba_Cloud,szlapx.com,120.79.6.200
Alibaba_Cloud,yousuperbcool.top,161.117.95.101
Alibaba_Cloud,changyan.com,203.107.33.101
Alibaba_Cloud,deepseek.work,101.133.158.43
Alibaba_Cloud,hua-zhi.com,120.25.233.27
Alibaba_Cloud,inknet.cn,47.98.193.4
Alibaba_Cloud,nacos.io,8.218.40.186
Alibaba_Cloud,qudong.com,203.107.45.167
Alibaba_Cloud,7788bet.app,163.181.243.187
Alibaba_Cloud,2500sz.com,203.107.45.167
Alibaba_Cloud,kurogame.xyz,106.14.182.151
Alibaba_Cloud,gamebegin.cn,47.97.94.140
Amazon_CloudFront,enviso.io,3.161.20.19
Amazon_CloudFront,sugojika.com,18.179.172.158
Amazon_CloudFront,huni.hu,52.209.3.224
Amazon_CloudFront,altubots.com,18.230.37.137
Amazon_CloudFront,supercolchones.com.mx,52.8.174.221
Amazon_CloudFront,kudo.co.id,13.35.185.69
Amazon_CloudFront,fortinetcareers.co.uk,3.33.139.32
Amazon_CloudFront,aprendidelavida.com,13.37.187.223
Amazon_CloudFront,gana777.mx,204.236.143.165
Amazon_CloudFront,episaveurs.fr,3.162.20.83
Amazon_CloudFront,measuringworth.com,18.220.248.179
Amazon_CloudFront,fishmpegs.com,199.59.243.228
Amazon_CloudFront,angelikafilmcenter.com,18.244.179.100
Amazon_CloudFront,welcomingschools.org,34.211.36.107
Amazon_CloudFront,easepdf.com,54.70.63.188
Amazon_CloudFront,dorkly.com,3.33.251.168
Amazon_CloudFront,bluestemfiber.com,3.33.251.168
Amazon_CloudFront,club99.com,143.204.68.92
Amazon_CloudFront,gobreeze.com,18.172.153.47
Amazon_CloudFront,mytonwallet.app,35.157.26.135
Amazon_CloudFront,sabionet.com,99.83.190.102
Amazon_CloudFront,newsok.com,3.71.139.153
Amazon_CloudFront,close.fans,54.94.153.157
Amazon_CloudFront,takara-standard.co.jp,54.238.151.19
Amazon_CloudFront,lacework.tv,3.33.139.32
Amazon_CloudFront,visualwatermark.com,18.165.227.17
Amazon_CloudFront,paas-inf.net,185.166.143.32
Amazon_CloudFront,groovyhistory.com,15.197.225.128
Amazon_CloudFront,explainpaper.com,76.76.21.21
Amazon_CloudFront,veriskai.com,44.236.201.245
Amazon_CloudFront,classmanager.com,31.43.160.6
Amazon_CloudFront,3djuegospc.com,18.164.52.48
Amazon_CloudFront,al-ayyam-yemen.com,15.197.142.173
Amazon_CloudFront,boxofficemojo.com,72.21.202.103
Amazon_CloudFront,lopes.com.br,54.94.14.115
Amazon_CloudFront,rizap.jp,52.85.132.116
Amazon_CloudFront,framer.ai,75.2.60.5
Amazon_CloudFront,gruposuperior.com.co,15.197.142.173
Amazon_CloudFront,firstaffair.com,18.245.218.62
Amazon_CloudFront,zikplay.ma,52.30.116.180
Amazon_CloudFront,tatastrive.com,13.126.38.105
Amazon_CloudFront,hotelcareer.de,3.121.43.57
Amazon_CloudFront,tytocare.com,18.165.83.51
Amazon_CloudFront,healthatom.com,99.83.190.102
Amazon_CloudFront,cinemahouse.online,3.33.130.190
Amazon_CloudFront,airdroptoken.com,75.2.70.75
Amazon_CloudFront,moneyaccount.co.za,13.248.135.214
Amazon_CloudFront,mashie.com,75.2.70.75
Amazon_CloudFront,theenglishhome.co.uk,3.33.186.135
Amazon_CloudFront,norterefrigeracao.com.br,54.232.229.211
Amazon_CloudFront,luckypet.com.au,52.62.248.101
Amazon_CloudFront,ptb.be,52.59.94.169
Amazon_CloudFront,anybet.com,54.192.137.72
Amazon_CloudFront,jobins.jp,54.92.33.65
Amazon_CloudFront,zzzzz.click,18.165.201.14
Amazon_CloudFront,onlygames.io,18.164.68.89
Amazon_CloudFront,21.co,34.217.231.110
Amazon_CloudFront,eventseeker.com,18.172.153.40
Amazon_CloudFront,geostock.app,13.248.243.5
Amazon_CloudFront,architectmagazine.com,75.2.50.236
Amazon_CloudFront,fantuanorder.com,18.165.242.40
Amazon_CloudFront,raywhite.co.nz,3.164.182.98
Amazon_CloudFront,fbcal.com,3.33.251.168
Amazon_CloudFront,betandreas-in27.com,3.125.115.121
Amazon_CloudFront,m77a.homes,199.59.243.228
Amazon_CloudFront,qima.com,18.160.109.88
Amazon_CloudFront,clinicia.com,52.66.65.68
Amazon_CloudFront,amberweather.com,52.196.223.165
Amazon_CloudFront,celya.net,18.188.116.21
Amazon_CloudFront,universitytutor.com,18.165.83.11
Amazon_CloudFront,nicecxone.com,13.248.242.223
Amazon_CloudFront,hallmarkmystery.com,44.226.116.63
Amazon_CloudFront,schev.edu,135.84.124.41
Amazon_CloudFront,moujmasti.com,15.197.148.33
Amazon_CloudFront,flipsidecrypto.com,76.76.21.21
Amazon_CloudFront,katagirijuku.jp,76.76.21.21
Amazon_CloudFront,eedition.net,3.14.117.22
Amazon_CloudFront,puzzle-minesweeper.com,52.25.152.19
Amazon_CloudFront,emnify.com,108.138.7.35
Amazon_CloudFront,vampirevape.co.uk,52.66.101.246
Amazon_CloudFront,gsmonline.pl,54.171.184.92
Amazon_CloudFront,eurac.edu,76.76.21.21
Amazon_CloudFront,cardgamefreecell.com,143.204.68.15
Amazon_CloudFront,tagetik.com,13.248.160.137
Amazon_CloudFront,joy-casino-official.top,15.197.130.221
Amazon_CloudFront,mediastorehouse.com,18.170.9.130
Amazon_CloudFront,exiberalpation.com,3.161.20.93
Amazon_CloudFront,rosaclara.es,3.250.254.251
Amazon_CloudFront,96679950.xyz,15.197.225.128
Amazon_CloudFront,amazingads.net,52.84.90.96
Amazon_CloudFront,377bet.org,18.245.143.48
Amazon_CloudFront,ibisworld.com,52.36.100.253
Amazon_CloudFront,suprclicks.com,15.197.148.33
Amazon_CloudFront,healthunlocked.com,54.75.10.11
Amazon_CloudFront,fox17.com,13.32.110.42
Amazon_CloudFront,boligsiden.dk,54.192.137.100
Amazon_CloudFront,sendmoments.de,18.196.132.185
Amazon_CloudFront,virtualmake.com.br,54.232.92.235
Amazon_CloudFront,vlexvenezuela.com,18.173.219.73
Amazon_CloudFront,hibiki-law.or.jp,35.74.182.172
Baidu,114my.com.cn,180.76.143.231
Baidu,xmwcjd.com,180.76.193.61
Baidu,qdprobot.com,182.61.28.31
Baidu,g3.net.cn,180.76.61.20
Baidu,duxiaomanfintech.com,180.76.62.194
Baidu,ilhjy.cn,182.61.32.67
Baidu,paydxm.com,120.48.241.147
Baidu,combofin.com,120.48.240.74
Baidu,vista123.com,180.76.237.83
Baidu,pcfaster.com,180.76.2.25
Baidu,shengshu-ai.com,180.76.243.98
Baidu,adview.cn,120.48.125.102
Baidu,goootech.com,180.76.190.145
Baidu,hnjing.com,106.13.193.154
Baidu,baidu.net.au,103.235.46.114
Baidu,jsmyqingfeng.cn,106.12.163.97
Baidu,esbzg.com,156.240.122.91
Baidu,forum-joyingauto.com,154.85.56.223
Baidu,cnjushine.com,154.85.62.7
Baidu,lottedfs.cn,106.13.198.174
Baidu,thomaschina.org,156.240.119.170
Baidu,17zixue.com,154.85.60.150
Baidu,dxmpay.com,120.48.241.143
Baidu,paddlepaddle.org.cn,106.12.155.111
Baidu,shhandsome.com,180.76.158.71
Baidu,laobanmail.net,180.76.132.243
Baidu,sonyselect.com.cn,180.76.172.87
Baidu,lightway56.com,180.76.193.81
Baidu,114my.cn,180.76.164.217
Baidu,ahbdpm.com,106.13.163.80
Baidu,jpisp.com,154.85.45.13
Baidu,zhongkao.com,180.76.243.164
Baidu,smp01.cn,180.76.185.206
Baidu,rili.com.cn,106.12.155.246
Baidu,compass.cn,180.76.118.5
Baidu,zhenyunpan.com,120.48.83.226
Baidu,dlhfzdh.com,180.76.104.105
Baidu,xinyang.gov.cn,180.76.53.168
Baidu,wxtianchang.com,154.85.58.112
Baidu,114my.net,180.76.143.231
Baidu,lyqingfeng.cn,106.12.145.254
Baidu,tzjeep.com,154.85.62.14
Baidu,xitong18.com,106.12.112.3
Baidu,q-dazzle.com,120.48.227.106
Baidu,ocsen.net,182.61.138.119
Baidu,lixiangoa.com,180.76.117.233
Baidu,kuyun.com,180.76.169.222
Baidu,baidu.jp,119.63.198.132
Baidu,yoojia.com,182.61.201.149
Baidu,niceisp.com,154.85.61.125
Baidu,smj.io,119.63.197.167
Baidu,xiaodutv.com,180.76.186.249
Baidu,sun-ada.net,180.76.148.176
Baidu,qidc.cn,106.12.151.216
Baidu,baidu.com,182.61.201.211
Baidu,skycn.com,180.76.186.18
Baidu,bigesj.com,106.13.24.22
Baidu,lixiang.com,180.76.117.233
Baidu,iikx.com,106.13.0.45
Baidu,haili.com.cn,106.13.21.156
Baidu,gc.com.cn,182.61.48.220
Baidu,0088dns.com,103.235.46.102
Baidu,szyeda.cn,154.85.58.112
Baidu,tripo3d.ai,154.85.60.152
Baidu,n65535.com,182.61.133.216
Baidu,ibbdd.com,182.61.133.26
Baidu,hl0803.com,154.85.61.64
Baidu,chinabyte.com,120.48.6.179
Baidu,hnjing.net,180.76.170.108
Baidu,tjjstbio.com,180.76.61.33
Baidu,soujiyi.com,106.13.206.30
Baidu,chehejia.com,180.76.117.233
Baidu,henan100.com,120.48.17.9
Baidu,gy912.com,106.12.112.3
Baidu,setecelectron.com,154.85.52.240
Baidu,hlfbdq.com,120.48.28.212
Baidu,nxrc.com.cn,182.61.131.134
Baidu,di7cn.net,180.76.134.181
Baidu,yesky.com,120.48.6.179
Baidu,simeji.me,119.63.197.186
Baidu,smp06.cn,182.61.45.187
Baidu,bossedm.com,180.76.132.54
Baidu,dxmbaoxian.com,106.12.224.4
Baidu,bbtnews.com.cn,106.12.153.141
Baidu,jialanling.com,106.13.200.70
Baidu,dxmjinr.com,106.12.226.213
Baidu,lcweb03.cn,180.76.237.21
Baidu,zealuxmusic.com,180.76.161.181
Baidu,duoku.com,180.76.174.103
Baidu,te5.com,180.76.184.124
Baidu,nolibox.com,120.48.127.2
Baidu,cnmsn.net,180.76.193.45
Baidu,lxcvc.com,106.13.198.174
Baidu,xiaoji001.com,120.48.193.20
Baidu,aoshu.com,106.12.145.102
Baidu,yimite.com,154.85.51.233
Baidu,duxiaoman.com,180.76.65.48
Baidu,gsblg.com,180.76.150.162
Baidu,ayqingfeng.cn,180.76.186.216
Baidu,fsquan8.cn,106.12.119.245
BelugaCDN,livepcsupport.com,162.255.25.88
BelugaCDN,webinspector.com,162.255.25.39
BelugaCDN,allianz.ng,104.37.183.1
BelugaCDN,panelrey.com,104.37.183.1
BelugaCDN,hackercombat.com,162.255.25.207
BelugaCDN,nuvebsdns.com,104.37.183.1
BelugaCDN,insta.tel,104.37.183.1
BelugaCDN,korumail.com,162.255.25.45
BelugaCDN,sanlam.com.ng,104.37.183.1
BelugaCDN,nurd.com,162.255.25.103
BelugaCDN,dnsbycomodo.com,162.255.25.125
BelugaCDN,miaoli.gov.tw,104.37.183.1
BelugaCDN,getvera.com,104.37.183.1
BelugaCDN,wkbank.com,104.37.183.1
BelugaCDN,belugacdn.com,104.37.183.1
BelugaCDN,mios.com,162.255.25.64
BelugaCDN,hostdeziners.com,104.37.183.1
BelugaCDN,chgh.org.tw,104.37.183.1
BlazingCDN,brostattent.com,88.208.22.3
BlazingCDN,clickbdsm.com,192.243.50.105
BlazingCDN,2508june2024.com,88.208.22.3
BlazingCDN,curony.com,185.162.87.232
BlazingCDN,xxxcargo.com,88.208.35.215
BlazingCDN,adamaccademia.com,46.229.162.121
BlazingCDN,sexpcollection.com,213.174.129.191
BlazingCDN,favoriteptv.com,213.174.129.180
BlazingCDN,airxxxporn.com,213.174.130.201
BlazingCDN,bestgames2025.info,45.133.44.1
BlazingCDN,wbestporn.com,213.174.132.103
BlazingCDN,sexvid.pro,192.243.54.250
BlazingCDN,maturepornq.com,213.174.129.179
BlazingCDN,myporndepot.com,46.229.163.231
BlazingCDN,hdsexcams.live,185.98.55.81
BlazingCDN,xhamster15.com,185.207.236.133
BlazingCDN,rustporn.com,88.208.35.215
BlazingCDN,gayworldp.com,46.229.162.113
BlazingCDN,freshpornworld.com,192.243.54.111
BlazingCDN,desicamgirls.com,88.208.20.10
BlazingCDN,playhust.host,94.101.118.10
BlazingCDN,hotwiveslive.com,185.98.55.81
BlazingCDN,apornhome.com,213.174.132.102
BlazingCDN,boubob.click,185.162.87.219
BlazingCDN,xnxx-ru4.com,88.208.35.215
BlazingCDN,xheve1.com,45.144.149.36
BlazingCDN,pornoxo3.com,45.138.128.176
BlazingCDN,colliderporn.com,88.208.55.161
BlazingCDN,metateress.com,88.208.22.2
BlazingCDN,pornpics.de,213.174.142.10
BlazingCDN,clickdescentchristmas.com,192.243.61.225
BlazingCDN,alaterizercock.com,88.208.22.1
BlazingCDN,sluicebigheartedpeevish.com,192.243.59.20
BlazingCDN,kzt2afc1rp52.com,192.243.61.225
BlazingCDN,xhstream.com,45.144.149.22
BlazingCDN,vintagepornv.com,213.174.130.196
BlazingCDN,qpornworld.com,213.174.158.250
BlazingCDN,ucoz.de,213.174.157.200
BlazingCDN,interxh.site,45.144.150.18
BlazingCDN,amateur-exhibitionist.org,88.208.36.153
BlazingCDN,kopetaweedle.com,88.208.22.2
BlazingCDN,asiansexv.com,46.229.162.117
BlazingCDN,toprevenuegate.com,192.243.59.12
BlazingCDN,shemalearmy.com,45.138.128.185
BlazingCDN,chairmansmile.com,192.243.61.225
BlazingCDN,mskprostitutki.xyz,88.208.32.180
BlazingCDN,333210.com,88.208.5.12
BlazingCDN,abonnementtripleexplore.com,192.243.61.227
BlazingCDN,tryasianporn.com,213.174.158.244
BlazingCDN,xvideos-ru3.com,88.208.35.215
BlazingCDN,myfarea.com,213.174.158.250
BlazingCDN,katporn.com,213.174.151.92
BlazingCDN,dirtytube.com,88.208.55.235
BlazingCDN,audiencegarret.com,192.243.61.225
BlazingCDN,ishemalesex.com,46.229.162.121
BlazingCDN,uiporn.asia,88.208.60.57
BlazingCDN,arepushedadorn.com,192.243.61.227
BlazingCDN,metroxh.site,45.144.150.10
BlazingCDN,acceptableredheadcaviar.com,192.243.59.13
BlazingCDN,apyecom.com,88.208.2.57
BlazingCDN,xnxx-rus3.com,88.208.35.215
BlazingCDN,controlaffliction.com,192.243.61.227
BlazingCDN,parblemophaort.com,88.208.22.3
BlazingCDN,tryxnxx.com,88.208.35.215
BlazingCDN,appetizingrefreshmentssubstantial.com,192.243.59.20
BlazingCDN,airpornsite.com,213.174.129.189
BlazingCDN,ucoz.es,213.174.157.200
BlazingCDN,futrif.click,31.220.27.99
BlazingCDN,bookofp.com,46.229.174.194
BlazingCDN,exceptingpealstipulate.com,192.243.59.13
BlazingCDN,maturepornv.com,46.229.162.124
BlazingCDN,menacehabit.com,192.243.59.20
BlazingCDN,milfgals.net,192.243.54.232
BlazingCDN,advancedhosters.com,185.56.232.194
BlazingCDN,tryshemalesex.com,213.174.129.191
BlazingCDN,ipgold.biz,213.174.159.179
BlazingCDN,indianpplanet.com,213.174.130.199
BlazingCDN,xhamster49.com,185.207.236.163
BlazingCDN,camfinder.com,185.98.55.81
BlazingCDN,broredir5s.site,185.177.94.152
BlazingCDN,easyporn.xxx,88.208.60.185
BlazingCDN,yesporn.cam,88.208.20.10
BlazingCDN,mathematicsefficiencyburnt.com,192.243.59.12
BlazingCDN,looporn.com,213.174.129.175
BlazingCDN,xhwebsite5.com,185.207.236.176
BlazingCDN,haunchfossil.com,192.243.59.12
BlazingCDN,xhshine.world,45.144.149.252
BlazingCDN,lesbianexpert.com,46.229.174.194
BlazingCDN,lesbiancloud.com,46.229.163.230
BlazingCDN,xasia.live,185.98.55.81
BlazingCDN,highnessdemon.com,192.243.59.12
BlazingCDN,xhwide2.com,185.207.236.46
BlazingCDN,bhabhisex.pro,192.243.50.17
BlazingCDN,flyflv.com,46.229.168.218
BlazingCDN,gagescenesclothes.com,192.243.59.12
BlazingCDN,sweetpornx.com,213.174.129.182
BlazingCDN,largesexyvideos.com,2.59.36.31
BlazingCDN,inconsistencygasdifficult.com,192.243.59.12
BlazingCDN,vintageclipsw.com,192.243.50.110
BlazingCDN,sexivi.com,88.208.35.215
Bunny.net,inos.at,109.224.228.62
Bunny.net,gubax.com.br,193.162.131.1
Bunny.net,star35.net,38.92.173.3
Bunny.net,boss11.net,38.92.173.4
Bunny.net,i4u.com,38.92.173.4
Bunny.net,88zlot.com,38.92.173.4
Bunny.net,my-search-page.com,103.180.114.1
Bunny.net,87zlot.com,38.92.173.4
Bunny.net,bunnydns.com,157.53.226.1
Bunny.net,heyvr.io,38.92.173.3
Bunny.net,carifol.it,109.224.228.62
Bunny.net,tlk.es,109.224.228.62
Bunny.net,assistir.club,103.180.114.1
Bunny.net,pzs.de,109.224.228.62
Bunny.net,myfcloud.com,91.200.176.1
Bunny.net,mtxserv.com,38.92.173.3
Bunny.net,mailcoach.app,38.92.173.4
Bunny.net,tcp.eu,109.224.228.62
Bunny.net,oke.nl,109.224.228.62
Bunny.net,ocros.io,38.92.173.4
Bunny.net,casino-profit.top,38.92.173.3
Bunny.net,googietagmanager.com,103.180.114.1
Bunny.net,blogchef.net,38.92.173.4
Bunny.net,fox246.com,38.92.173.3
Bunny.net,augencenter.de,109.224.228.62
Bunny.net,noice.com,193.162.131.1
Bunny.net,ikd.at,109.224.228.62
Bunny.net,duelhost.dk,38.92.173.2
Bunny.net,bio.now,103.180.114.1
Bunny.net,hungrypussy888.cc,103.180.114.1
Bunny.net,86zlot.com,38.92.173.4
Bunny.net,adultfilmindex.com,38.92.173.4
Bunny.net,ndi.nu,109.224.228.62
Bunny.net,4everland.org,38.92.173.3
Bunny.net,free-casino-profit.top,38.92.173.3
Bunny.net,ccimmo.fr,109.224.228.62
Bunny.net,intra.de,109.224.228.62
BytePlus,inovelplant.com,101.47.53.40
BytePlus,aiting.com,101.47.26.129
BytePlus,matrixclone.mobi,101.47.15.114
BytePlus,jowohub.com,45.78.200.131
BytePlus,uhkdjme.cn,150.5.159.240
BytePlus,shoplify.shop,150.5.128.253
BytePlus,inovelclub.com,101.47.53.40
BytePlus,ebibi.com,45.78.198.199
BytePlus,readmeapps.com,101.47.130.38
BytePlus,cmappgogo.com,101.47.22.187
BytePlus,onekey.so,101.47.180.152
BytePlus,bidvertex.com,101.47.25.239
BytePlus,nimo.tv,101.47.31.219
BytePlus,3761.com,101.47.4.166
BytePlus,kimi.ai,101.47.6.196
BytePlus,qishui.com,101.47.85.10
CacheFly,instantcdn.net,205.234.175.175
CacheFly,ps0z.com,205.234.175.175
CacheFly,memes.com,205.234.175.105
CacheFly,porngifs.com,205.234.175.175
CacheFly,torix.ca,205.234.175.175
CacheFly,edgeuno.com,204.93.150.154
CacheFly,jspm.io,205.234.175.175
CacheFly,cachefly.com,205.234.175.175
CacheFly,a1tb.com,205.234.175.175
CDN77,alarab.com,185.152.65.155
CDN77,betonredcasino.fr,143.244.38.136
CDN77,dobrewiadomosci.net.pl,143.244.38.136
CDN77,jamx.ai,169.150.236.105
CDN77,skysoccerplus.tv,195.181.171.206
CDN77,elcronista.co,143.244.49.183
CDN77,bici.pro,84.17.46.54
CDN77,8throne.com,143.244.38.136
CDN77,pushchairsandprams.uk,143.244.50.82
CDN77,p3d.in,79.127.237.132
CDN77,apkgosu.com,79.127.237.104
CDN77,betflix168.run,79.127.237.104
CDN77,batikflash.com,143.244.38.136
CDN77,cdn4k.trade,79.127.148.206
CDN77,monocle-search.com,143.244.49.177
CDN77,click-mallorca.com,138.199.46.65
CDN77,avery.cafe,169.150.236.106
CDN77,betewin48.com,143.244.50.83
CDN77,videocelts.com,143.244.49.180
CDN77,elle.rs,79.127.237.132
CDN77,dbushell.com,84.17.63.178
CDN77,302betorspin.com,143.244.38.136
CDN77,freshstore.cloud,169.150.236.100
CDN77,banglahunt.com,79.127.237.104
CDN77,agnthub.ai,138.199.46.65
CDN77,golf.se,195.181.166.158
CDN77,drakorindofilms.host,143.244.38.136
CDN77,scenenzbs.com,169.150.247.37
CDN77,beyonk.com,84.17.37.217
CDN77,estage.site,143.244.56.57
CDN77,qloudhost.com,79.127.237.104
CDN77,coveragedealsusa.com,143.244.50.88
CDN77,pgspin888.cc,84.17.37.217
CDN77,parknet.dk,169.150.247.36
CDN77,bfk168.com,143.244.38.136
CDN77,horasphone.com,79.127.237.132
CDN77,incomaker.com,185.152.64.17
CDN77,stormproxies.cn,79.127.165.112
CDN77,uniwide.com,79.127.237.132
CDN77,thepeoplesperson.com,79.127.237.104
CDN77,search-home-page.com,143.244.50.82
CDN77,lakecoloring.com,79.127.237.132
CDN77,84zlot.com,79.127.237.104
CDN77,pondexperts.ca,185.93.1.244
CDN77,search-owl.com,143.244.38.136
CDN77,freshstore.app,185.93.1.245
CDN77,ipfs.tech,169.150.236.106
CDN77,mundusgame.com,185.93.2.246
CDN77,scattered-thoughts.net,169.150.236.104
CDN77,pompo.cz,207.211.214.145
CDN77,thisisclassicalguitar.com,169.150.236.98
CDN77,captchafox.com,169.150.247.39
CDN77,apkmia.com,143.244.38.136
CDN77,inzoiresource.com,143.244.60.193
CDN77,1hgx2med.cloud,79.127.148.233
CDN77,httptoolkit.com,169.150.247.37
CDN77,savvii.com,143.244.38.136
CDN77,imgcm.com,79.127.170.194
CDN77,quick-hp.com,143.244.56.57
CDN77,tovek.se,207.211.214.145
CDN77,pollunit.com,79.127.237.104
CDN77,pics-x.com,143.244.38.136
CDN77,apk3.com,79.127.165.112
CDN77,apkbine.com,143.244.38.136
CDN77,magazinegalerias.com,169.150.236.105
CDN77,calculadora.now,79.127.237.132
CDN77,erzgebirgepalace.com,143.244.38.136
CDN77,lamanzanamordida.net,79.127.237.161
CDN77,zioncenter.name,84.17.46.54
CDN77,monnuage.fr,143.244.38.136
CDN77,idtmaroon.com,169.150.236.104
CDN77,anny.co,79.127.237.104
CDN77,pl9245637.com,89.187.179.148
CDN77,etke.cc,143.244.38.136
CDN77,free-play-vulkan.top,79.127.237.132
CDN77,cevoidcontent.com,79.127.237.104
CDN77,opressrc.org,109.61.83.250
CDN77,eurovision-basel.ch,79.127.237.132
CDN77,totalip.com.br,79.127.208.199
CDN77,naradihornig.cz,143.244.38.136
CDN77,infosalus.com,79.127.237.161
CDN77,leo247exch.com,169.150.236.100
CDN77,raystream.tv,109.61.86.193
CDN77,heathrowgatwickcars.com,169.150.236.105
CDN77,7564563c.xyz,89.187.179.148
CDN77,cheats.love,79.127.237.104
CDN77,ppmxd.com,138.199.36.11
CDN77,speedypage.com,169.150.247.36
CDN77,bunnycdn.com,143.244.38.136
CDN77,xwsalpsq12.top,79.127.242.18
CDN77,torforex.com,169.150.247.36
CDN77,tawasal.ae,79.127.227.162
CDN77,motobank.co.uk,195.181.165.180
CDN77,businessinsider.es,37.19.207.209
CDN77,ttbmakan100.com,138.199.24.219
CDN77,edge.bz,84.17.40.180
CDN77,therapyquestionmark.co.uk,185.93.1.245
CDN77,laatutavara.com,143.244.38.136
CDN77,story.hr,143.244.38.136
CDN77,wbug.xyz,156.146.44.89
CDNetworks,vip-clubslot-vulcan.com,78.159.246.226
CDNetworks,atomy.ru,78.159.246.103
CDNetworks,vip-for-vulcan.com,78.159.246.201
CDNetworks,atomy.kz,151.236.93.134
CDNetworks,kraftway.ru,78.159.246.185
CDNetworks,xn--80adrabb4aegksdjbafk0u.xn--p1ai,78.159.245.102
CDNetworks,vulcan-sms.com,78.159.246.226
CDNetworks,jackpotcasino-slots.com,78.159.246.226
CDNetworks,vlcclub.com,78.159.246.226
CDNetworks,cashtrftrkad.com,78.159.246.252
CDNetworks,5lb.ru,78.159.250.25
CDNetworks,torpedo.ru,78.159.245.191
CDNetworks,jackpot-vip-cazino.com,78.159.246.201
CDNetworks,jackpot-spins.com,78.159.246.226
CDNetworks,gpucloud.ru,78.159.242.19
cdnvideo,matras.ru,151.236.80.24
cdnvideo,enisey.tv,151.236.80.36
cdnvideo,trbcdn.net,151.236.80.22
cdnvideo,oodji.com,151.236.80.8
cdnvideo,gulliver.ru,151.236.80.7
cdnvideo,cdnvideo.com,151.236.80.17
cdnvideo,zoodmall.uz,151.236.80.112
cdnvideo,cdnvideo.ru,151.236.80.22
cdnvideo,cdnvideo.net,151.236.80.17
cdnvideo,korchagins.ru,91.240.170.253
Cloudflare,examsreviews.com,172.67.155.245
Cloudflare,landing3.co,172.67.209.162
Cloudflare,planchatacos.com,172.67.143.135
Cloudflare,jogovip.com,172.64.154.219
Cloudflare,buchmann.ch,104.26.13.114
Cloudflare,volero.nl,104.26.12.221
Cloudflare,realpolitik.com.ar,104.21.64.1
Cloudflare,4d-no1.com,104.21.11.202
Cloudflare,tiktakfast.com,92.243.74.3
Cloudflare,exphar.com,141.193.213.21
Cloudflare,vegamovies.org.mx,172.67.176.29
Cloudflare,1923shop.com,104.26.9.223
Cloudflare,offerilla.com,104.26.11.151
Cloudflare,eastbournetheatres.co.uk,104.21.96.1
Cloudflare,shopjessicahaley.com,172.67.140.230
Cloudflare,tinhayvip.com,104.21.33.226
Cloudflare,organicsphere.ca,162.159.134.42
Cloudflare,algenid.com,104.21.26.56
Cloudflare,mykyivregion.com.ua,172.67.75.177
Cloudflare,mantraslot-blue.site,172.67.203.106
Cloudflare,g2play.net,172.67.208.219
Cloudflare,installbaseforum.com,172.67.172.245
Cloudflare,japsonline.com,172.66.40.60
Cloudflare,belparyaj.com,172.67.152.66
Cloudflare,overthebigmoon.com,104.21.64.1
Cloudflare,modelflying.co.uk,104.21.64.1
Cloudflare,avyuri.com,104.21.38.176
Cloudflare,fullcollection.com,172.67.11.53
Cloudflare,agriexam.com,172.67.129.191
Cloudflare,fitrecepty.sk,172.67.150.225
Cloudflare,portaldiariodonorte.com.br,104.21.112.1
Cloudflare,springnews.co.th,104.17.188.102
Cloudflare,1xbet666.com,172.67.144.63
Cloudflare,goshop.shop,172.67.129.121
Cloudflare,worldteanews.com,104.18.27.163
Cloudflare,p2pfoundation.net,172.67.208.141
Cloudflare,bookandfilmglobe.com,141.193.213.21
Cloudflare,kickslab.com,23.227.38.65
Cloudflare,esound.app,172.67.183.136
Cloudflare,aymnet.com.tr,104.21.64.1
Cloudflare,reedmfgco.com,104.26.10.34
Cloudflare,speedlearning-international-school.com,172.67.153.168
Cloudflare,1xbetgiris.icu,104.21.83.56
Cloudflare,solelution.co.uk,23.227.38.65
Cloudflare,bra88b.com,172.66.44.125
Cloudflare,thelalit.com,104.26.11.15
Cloudflare,flyinmiata.com,23.227.38.65
Cloudflare,cerave.com.vn,104.18.37.149
Cloudflare,cyberpuerta.mx,172.66.131.8
Cloudflare,pdd555.one,172.67.214.172
Cloudflare,astrogyan.com,104.21.96.1
Cloudflare,nydig.com,104.17.132.22
Cloudflare,russipoteka.ru,104.21.112.1
Cloudflare,mychicdress.com,23.227.38.65
Cloudflare,hubgets.com,104.20.9.85
Cloudflare,picturebox.cloud,172.67.73.221
Cloudflare,23wz.com,104.18.23.44
Cloudflare,apollo789.online,104.21.75.76
Cloudflare,mvdmt.gov,104.21.16.1
Cloudflare,london69.network,104.21.27.221
Cloudflare,ilmanifesto.it,104.25.223.34
Cloudflare,scienmag.com,104.21.67.252
Cloudflare,agirlsguidetocars.com,104.26.14.136
Cloudflare,55kdcc.com,104.18.23.139
Cloudflare,mitatyildirim.com,172.67.190.97
Cloudflare,tolgaozbek.com,172.67.143.251
Cloudflare,arboldejade.net,104.21.64.1
Cloudflare,tsutaya-adult.com,104.19.159.35
Cloudflare,comofaria.com.br,104.21.16.1
Cloudflare,highlander-outdoor.com,23.227.38.65
Cloudflare,34c55.com,104.18.25.108
Cloudflare,mrscrubber.ua,172.67.202.127
Cloudflare,bizshala.com,104.21.32.1
Cloudflare,drivinglaws.org,104.21.96.1
Cloudflare,sucreabeille.com,23.227.38.32
Cloudflare,akrithi.com,23.227.38.32
Cloudflare,visa.com.pe,162.159.152.2
Cloudflare,pinco-play.org,104.21.78.136
Cloudflare,pronie.net,104.21.96.1
Cloudflare,affde.com,172.67.72.111
Cloudflare,nexxen.com,141.193.213.11
Cloudflare,mycosiq.com,23.227.38.32
Cloudflare,iconape.com,104.21.21.125
Cloudflare,javelinstrategy.com,104.18.16.166
Cloudflare,gentaur.com,104.26.12.127
Cloudflare,qh00.vip,104.18.25.2
Cloudflare,dctgdansk.com,104.18.19.47
Cloudflare,avrotros.nl,104.22.9.220
Cloudflare,gwkea.com,104.21.80.1
Cloudflare,phetgai.art,172.67.161.77
Cloudflare,coloringsquared.com,104.26.7.250
Cloudflare,piedmontmri.com,104.21.63.53
Cloudflare,autogarage.bg,104.26.6.48
Cloudflare,cheaptickets.ch,104.18.2.205
Cloudflare,echo.ac,172.67.69.115
Cloudflare,sumareleilao.net,104.21.112.1
Cloudflare,clubforgrowth.org,162.159.136.54
Cloudflare,vaidetenis.com.br,172.67.218.71
Cloudflare,spleis.no,172.67.26.88
Cloudflare,labrepco.com,104.26.9.13
Comcast_Technology_Solutions,adaptivacdn.cloud,73.169.212.95
Comcast_Technology_Solutions,ippexpo.org,50.200.121.18
Comcast_Technology_Solutions,woodfinstores.com,96.94.219.165
Comcast_Technology_Solutions,sos-systems.com,75.151.216.61
Comcast_Technology_Solutions,canyonhc.com,50.247.49.77
Comcast_Technology_Solutions,americanambulance.com,50.207.40.173
Comcast_Technology_Solutions,windoven.com,96.76.33.101
Comcast_Technology_Solutions,blacksburg.net,50.253.214.139
Comcast_Technology_Solutions,donsmachine.com,96.80.20.9
Comcast_Technology_Solutions,wileysgrill.com,50.194.77.99
Comcast_Technology_Solutions,aasmnet.org,50.230.31.67
Comcast_Technology_Solutions,fit-techservice.com,173.8.133.97
Comcast_Technology_Solutions,sunnyside.com,50.242.105.52
Comcast_Technology_Solutions,jelliefrontier.net,76.20.77.79
Comcast_Technology_Solutions,beck.org,50.242.79.209
Comcast_Technology_Solutions,xfinity.com,96.99.240.130
Comcast_Technology_Solutions,mhsoftware.com,50.194.155.74
Comcast_Technology_Solutions,nicic.gov,173.164.54.217
Comcast_Technology_Solutions,nationwideloans.com,50.171.170.221
Comcast_Technology_Solutions,solarnet.net,50.196.194.118
Comcast_Technology_Solutions,annabonetskaya.ru,73.48.55.12
Comcast_Technology_Solutions,bookshark.com,50.235.156.2
Comcast_Technology_Solutions,loopt.com,74.93.1.129
Comcast_Technology_Solutions,gooseberrypatch.com,50.235.45.20
Comcast_Technology_Solutions,xpernet.com,50.228.8.50
Comcast_Technology_Solutions,snapdiagnostics.org,50.171.65.70
Comcast_Technology_Solutions,hfracquetandfitness.com,173.167.141.146
Comcast_Technology_Solutions,dbsoft.org,50.193.103.211
Comcast_Technology_Solutions,printarts.com,75.145.150.168
Comcast_Technology_Solutions,ncr.org,50.204.226.220
Comcast_Technology_Solutions,messicks.com,50.221.17.52
Comcast_Technology_Solutions,muonics.com,50.215.31.107
Comcast_Technology_Solutions,nosbush.com,71.24.217.75
Comcast_Technology_Solutions,nwra.com,50.217.68.194
Comcast_Technology_Solutions,i2symbol.com,96.87.153.67
Comcast_Technology_Solutions,massasoit.edu,107.0.236.145
Comcast_Technology_Solutions,neuco.com,50.224.205.91
Comcast_Technology_Solutions,southhills.edu,23.30.218.162
Comcast_Technology_Solutions,bachcompany.com,50.189.92.170
Comcast_Technology_Solutions,pickccs.com,75.150.213.244
Comcast_Technology_Solutions,myalphaspace.com,96.78.116.11
Comcast_Technology_Solutions,surveylink.com,70.91.117.17
Comcast_Technology_Solutions,suppliesonthefly.com,50.232.6.98
Comcast_Technology_Solutions,juhsd.net,50.200.114.2
Comcast_Technology_Solutions,hfparks.com,173.167.141.152
Comcast_Technology_Solutions,pnsh.com,173.166.91.11
Comcast_Technology_Solutions,mcclearylaw.com,70.90.42.124
Comcast_Technology_Solutions,scottibyte.com,73.232.124.118
Comcast_Technology_Solutions,trafnet.com,50.201.33.196
Comcast_Technology_Solutions,telecrafter.com,50.198.215.180
Comcast_Technology_Solutions,xfinityhome.com,69.252.80.252
Comcast_Technology_Solutions,blogabond.com,198.0.63.205
Comcast_Technology_Solutions,cpcfp.com,50.229.50.35
Comcast_Technology_Solutions,droneshield.xyz,96.84.237.153
Comcast_Technology_Solutions,syix.com,162.17.94.57
Comcast_Technology_Solutions,steemerusa.com,50.241.231.233
Comcast_Technology_Solutions,massbar.org,50.222.58.51
Comcast_Technology_Solutions,cngremote.com,173.163.129.19
Comcast_Technology_Solutions,endlesswavetour.com,71.25.235.82
Comcast_Technology_Solutions,ixdns.com,50.196.255.252
Comcast_Technology_Solutions,centralva.net,96.75.192.26
Comcast_Technology_Solutions,pricescan.com,70.91.159.59
Comcast_Technology_Solutions,pancrypticon.net,73.4.74.173
Comcast_Technology_Solutions,gamerz.net,50.215.39.241
Comcast_Technology_Solutions,vfxs.com,96.76.33.101
Comcast_Technology_Solutions,tvfool.com,50.197.189.117
Comcast_Technology_Solutions,midnightbsd.org,70.91.226.201
Comcast_Technology_Solutions,userland.com,70.90.187.249
Comcast_Technology_Solutions,brzesko.ws,96.84.74.253
Comcast_Technology_Solutions,southerntrusttitle.com,96.84.137.97
Comcast_Technology_Solutions,mlb.org,50.245.119.129
Comcast_Technology_Solutions,counterworks.com,50.253.103.17
Comcast_Technology_Solutions,four.com,70.88.250.35
Comcast_Technology_Solutions,scheidt-bachmann-usa.com,50.205.176.19
Comcast_Technology_Solutions,mccsuites.com,107.0.172.71
Comcast_Technology_Solutions,kashrut.com,23.25.224.129
Comcast_Technology_Solutions,ptacorp.com,50.232.12.56
Comcast_Technology_Solutions,cmcsa.com,96.99.227.255
Comcast_Technology_Solutions,makingtechhappen.com,173.8.151.148
Comcast_Technology_Solutions,emsl.com,50.174.57.109
Comcast_Technology_Solutions,x3ns.net,74.95.12.1
Comcast_Technology_Solutions,ardmon.com,174.174.174.1
Comcast_Technology_Solutions,mbhs.edu,71.26.31.219
Comcast_Technology_Solutions,toast.ooo,50.247.53.42
Comcast_Technology_Solutions,turbogears.org,70.90.14.154
Comcast_Technology_Solutions,bgminsurance.com,70.90.42.124
Comcast_Technology_Solutions,koehn.com,73.65.80.137
Comcast_Technology_Solutions,texvisions.com,173.163.136.183
Comcast_Technology_Solutions,sunsrce.com,107.0.105.93
Comcast_Technology_Solutions,onthefly.com,50.232.6.109
Comcast_Technology_Solutions,spectregate.net,107.3.73.55
Comcast_Technology_Solutions,orcas.net,50.225.225.206
Comcast_Technology_Solutions,tuxedobysarno.com,50.220.221.25
Comcast_Technology_Solutions,bkwweb.com,96.76.199.20
Comcast_Technology_Solutions,comcast.net,96.99.227.0
Comcast_Technology_Solutions,cttelco.net,50.255.165.122
Comcast_Technology_Solutions,ourahp.com,50.144.73.82
Comcast_Technology_Solutions,editthispage.com,70.90.187.251
Comcast_Technology_Solutions,invelos.com,173.167.34.141
Comcast_Technology_Solutions,norcalhelpdesk.com,50.208.60.172
EdgeNext,english.gov.cn,38.175.44.19
EdgeNext,loklok.team,156.238.128.62
EdgeNext,tibet.cn,38.175.44.17
EdgeNext,loklok.site,154.85.67.14
EdgeNext,decryptplan.com,154.85.67.12
EdgeNext,unifydrive.net,38.175.45.101
EdgeNext,3322.cc,38.175.44.15
EdgeNext,3h3.com,38.175.44.16
EdgeNext,loklok.cool,154.85.67.11
EdgeNext,loklok.video,154.85.69.101
EdgeNext,mod.gov.cn,38.175.44.15
EdgeNext,ddooo.com,38.175.44.17
EdgeNext,moviebox.ltd,156.225.108.35
EdgeNext,downxia.com,38.175.44.19
EdgeNext,81.cn,38.175.44.17
EdgeNext,whwm.net,38.175.44.19
EdgeNext,raccoongame.com,38.175.44.18
EdgeNext,1ms.run,38.175.44.20
EdgeNext,edgenext.com,38.175.45.141
EdgeNext,119.gov.cn,156.225.108.40
EdgeNext,xinhuanet.com,38.175.44.17
EdgeNext,xworld.info,38.175.44.15
EdgeNext,loklok.zone,156.225.96.200
EdgeNext,cup.com.cn,156.225.111.18
EdgeNext,www.gov.cn,38.175.44.17
EdgeNext,xworld.biz,38.175.44.14
EdgeNext,loklok.chat,156.225.108.43
EdgeNext,wenming.cn,154.85.93.243
EdgeNext,rumaho.com,154.85.67.66
EdgeNext,csdnimg.cn,38.175.44.16
EdgeNext,dangjian.com,156.225.96.213
EdgeNext,sectnetwork.com,123.108.72.1
EdgeNext,loklok.pub,154.85.69.102
EdgeNext,ud.link,38.175.45.101
EdgeNext,dangjian.cn,38.175.44.17
EdgeNext,loklok.art,154.85.67.66
EdgeNext,hitv.ltd,154.85.69.102
EdgeNext,stappfilm.com,154.85.67.66
EdgeNext,xworld-app.com,154.85.93.244
EdgeNext,grintelev.com,154.85.67.11
EdgeNext,taiwan.cn,38.175.44.18
Fastly,springfield.edu,23.185.0.253
Fastly,usitt.org,23.185.0.3
Fastly,hama.com,151.101.65.124
Fastly,wear.jp,199.232.214.133
Fastly,icadv.jp,199.36.158.100
Fastly,datamation.com,151.101.193.91
Fastly,uswitch.com,151.101.129.55
Fastly,snf.com,23.185.0.4
Fastly,macfarlanepackaging.com,151.101.65.124
Fastly,xcomic.org,185.199.109.153
Fastly,wmgk.com,151.101.1.55
Fastly,frequency.xyz,185.199.110.153
Fastly,todomvc.com,185.199.109.153
Fastly,ymaryland.org,151.101.130.216
Fastly,triptease.io,185.199.111.153
Fastly,ticats.ca,151.101.195.52
Fastly,assent.com,23.185.0.4
Fastly,multitech.com,23.185.0.3
Fastly,proteus-security.com,151.101.1.195
Fastly,bywordapp.com,185.199.111.153
Fastly,recompensastotalbanorte.mx,151.101.1.154
Fastly,avsforum.com,151.101.1.91
Fastly,ithacajournal.com,146.75.122.62
Fastly,glamour.es,151.101.128.239
Fastly,247.ai,23.185.0.2
Fastly,admiddleeast.com,151.101.66.137
Fastly,foxracing.com.au,151.101.129.124
Fastly,softonic.com,151.101.193.91
Fastly,zeptojs.com,185.199.108.153
Fastly,turascandinavia.com,151.101.130.132
Fastly,varsovienne.cl,151.101.193.124
Fastly,mooseknuckles.co,151.101.129.124
Fastly,hornbach.sk,151.101.193.91
Fastly,anayaeducacion.es,151.101.65.91
Fastly,stridenation.com,199.232.193.246
Fastly,rareprob.com,199.36.158.100
Fastly,utscollege.edu.au,151.101.67.52
Fastly,lix.systems,185.199.108.153
Fastly,berr.gov.uk,151.101.130.30
Fastly,mccarthychevyls.com,199.232.192.247
Fastly,bluecava.com,199.36.158.100
Fastly,deck.gl,185.199.109.153
Fastly,steamcmd.net,185.199.109.153
Fastly,twentythree.net,151.101.193.120
Fastly,arena-international.com,23.185.0.2
Fastly,americanancestors.org,23.185.0.1
Fastly,thedestinlog.com,151.101.42.62
Fastly,movehub.com,151.101.66.211
Fastly,onu.edu,23.185.0.2
Fastly,tripadvisor.com.ph,151.101.2.28
Fastly,ganjapreneur.com,151.101.130.159
Fastly,travelsafelyapp.com,151.101.66.159
Fastly,miamidolphins.com,151.101.129.153
Fastly,advantasure.com,23.185.0.4
Fastly,parclick.it,151.101.65.91
Fastly,meshcentral.com,185.199.109.153
Fastly,cu.edu,23.185.0.3
Fastly,zettacloud.com,151.101.194.159
Fastly,alnylam.com,23.185.0.253
Fastly,direnv.net,185.199.108.153
Fastly,hunterdonhealth.org,151.101.2.216
Fastly,dosaapps.com,185.199.110.153
Fastly,blueridgenow.com,151.101.42.62
Fastly,sharp.at,151.101.131.52
Fastly,stevenspointjournal.com,151.101.42.62
Fastly,plantedtank.net,151.101.1.91
Fastly,wibnet.nl,146.75.117.91
Fastly,ssforums.com,151.101.65.91
Fastly,performancehealth.ca,151.101.193.55
Fastly,valtra.com.br,151.101.79.10
Fastly,russells.co.za,151.101.67.42
Fastly,nauta.com,151.101.194.132
Fastly,zerionsoftware.com,151.101.2.159
Fastly,colruytgroup.com,151.101.207.52
Fastly,avron.ca,151.101.1.124
Fastly,promarket.org,23.185.0.4
Fastly,oficialfarma.com.br,151.101.65.124
Fastly,xvideos.help,104.244.43.229
Fastly,record-courier.com,151.101.42.62
Fastly,serenashades.com,151.101.129.124
Fastly,gfsstore.com,23.185.0.3
Fastly,browning.eu,151.101.195.10
Fastly,lovelysystems.com,185.199.108.153
Fastly,swarmapp.com,151.101.194.132
Fastly,pinimg.com,151.101.64.84
Fastly,getsharex.com,185.199.108.153
Fastly,thenextweb.com,151.101.2.46
Fastly,jsonapi.org,185.199.109.153
Fastly,anglianwaterparks.co.uk,151.101.66.133
Fastly,mustangevolution.com,151.101.65.91
Fastly,kiabi.be,151.101.1.91
Fastly,autismsociety-nc.org,151.101.2.159
Fastly,grubhub.com,151.101.1.160
Fastly,bylampa.online,185.199.111.153
Fastly,myturbodiesel.com,151.101.129.91
Fastly,builder.io,151.101.65.195
Fastly,flosoftball.com,151.101.66.114
Fastly,parachute.ca,23.185.0.1
Fastly,wildsalmoncenter.org,23.185.0.3
Fastly,topknobs.com,151.101.193.124
G-Core_Labs,gdnst.pro,92.38.158.10
G-Core_Labs,sonnik.ru,81.28.12.12
G-Core_Labs,xshareall.com,92.38.145.145
G-Core_Labs,puska.ch,80.240.112.190
G-Core_Labs,gvideo.co,185.12.243.95
G-Core_Labs,international.business,81.28.12.12
G-Core_Labs,worldoftanks.net,92.223.22.65
G-Core_Labs,wargaming.com,92.223.22.45
G-Core_Labs,linebet.com,92.223.95.95
G-Core_Labs,betsson.kz,45.82.31.206
G-Core_Labs,gcore.com,93.123.11.62
G-Core_Labs,playredfox.com,92.223.94.54
G-Core_Labs,worldofwarships.asia,92.223.16.131
G-Core_Labs,cratossportingmobil.com,81.28.12.12
G-Core_Labs,worldofwarships.pt,92.223.22.79
G-Core_Labs,viposidn.com,93.123.11.62
G-Core_Labs,wgprod.net,92.223.22.65
G-Core_Labs,bligoo.com,5.8.93.86
G-Core_Labs,alteg.io,93.123.11.62
G-Core_Labs,supersklep.cz,185.101.136.30
G-Core_Labs,wotblitz.eu,92.223.20.36
G-Core_Labs,saniok.net,92.223.112.254
G-Core_Labs,supersklep.ro,93.123.11.62
G-Core_Labs,worldoftanks.ru,92.223.22.65
G-Core_Labs,city-dog.by,79.133.126.103
G-Core_Labs,lesta.io,92.223.3.30
G-Core_Labs,tangguo.de,81.28.12.12
G-Core_Labs,amoytoge.org,81.28.12.12
G-Core_Labs,gamzixworld.com,109.61.17.180
G-Core_Labs,citydog.io,79.133.126.103
G-Core_Labs,wargaming.net,92.223.24.116
G-Core_Labs,core.pw,92.223.22.65
G-Core_Labs,worldofwarplanes.asia,92.223.29.53
G-Core_Labs,dota2changer.com,81.28.12.12
G-Core_Labs,gcdn.co,92.223.97.97
G-Core_Labs,rushpro.link,81.28.12.12
G-Core_Labs,gcore.lu,93.123.11.62
G-Core_Labs,worldofwarships.eu,150.107.125.40
G-Core_Labs,super-shop.ua,92.223.84.79
G-Core_Labs,supersklep.pl,93.123.11.62
G-Core_Labs,leaseweb.com,93.123.17.254
G-Core_Labs,gamspace.xyz,92.223.97.97
G-Core_Labs,3movs.xxx,82.97.206.33
G-Core_Labs,worldoftanks.com,5.188.189.206
G-Core_Labs,worldoftanks.eu,5.188.189.202
G-Core_Labs,hablarcondios.org,93.123.11.62
G-Core_Labs,worldofwarplanes.eu,150.107.125.96
G-Core_Labs,globalcdn.co,92.223.97.97
G-Core_Labs,hoax.com,5.189.203.135
G-Core_Labs,stellarwave24.xyz,92.38.145.145
G-Core_Labs,youfast.click,89.39.70.97
G-Core_Labs,worldofwarships.ru,92.223.22.99
G-Core_Labs,alco-express-24-7-sochi.online,81.28.12.12
G-Core_Labs,gradient.site,93.123.11.62
G-Core_Labs,mrcpanels.com,81.28.12.12
G-Core_Labs,txni.dev,192.135.112.147
G-Core_Labs,bowlingcrew.com,92.223.56.98
G-Core_Labs,butchermovies.com,82.97.206.50
G-Core_Labs,wowslegends.com,92.223.23.45
G-Core_Labs,gamever.io,213.156.159.35
G-Core_Labs,super-shop.com,93.123.17.254
G-Core_Labs,wargaming-aff.com,92.223.22.65
G-Core_Labs,fcredit.kz,45.82.31.224
G-Core_Labs,dn3.net,93.123.11.62
G-Core_Labs,13dl.net,81.28.12.12
G-Core_Labs,cpa.rip,93.123.11.62
G-Core_Labs,worldofwarplanes.com,92.223.39.56
G-Core_Labs,evolpick.com,92.223.73.50
G-Core_Labs,worldoftanks.asia,5.188.189.208
G-Core_Labs,worldofwarships.jp,92.223.16.131
G-Core_Labs,maths-whizz.ru,81.28.12.12
G-Core_Labs,supersklep.sk,93.123.11.62
G-Core_Labs,trafficmagnates.com,82.97.206.14
G-Core_Labs,wotblitz.com,92.223.57.202
G-Core_Labs,entorais.world,74.112.76.31
G-Core_Labs,wdo.io,92.223.23.38
G-Core_Labs,3pornstarmovies.com,82.97.206.22
G-Core_Labs,messe-mts.com,81.28.12.12
G-Core_Labs,wotblitz.asia,92.223.29.19
G-Core_Labs,gcorelabs.com,93.123.11.62
G-Core_Labs,worldofwarships.cn,92.223.17.44
G-Core_Labs,steelhunters.com,193.138.111.14
G-Core_Labs,bksrv.ru,79.133.126.36
G-Core_Labs,wgmods.net,92.223.23.114
G-Core_Labs,3movs.com,82.97.206.33
G-Core_Labs,worldofwarships.com,92.223.13.66
G-Core_Labs,tc10111.cc,45.135.231.145
GlobalConnect,adsverige.com,83.241.243.239
GlobalConnect,rs.no,81.0.146.48
GlobalConnect,tv-kalundborg.dk,87.116.46.150
GlobalConnect,metropol.se,83.241.157.100
GlobalConnect,cykelpartner.dk,93.90.118.211
GlobalConnect,varden.no,193.161.16.188
GlobalConnect,incabus.net,93.158.104.18
GlobalConnect,clasohlson.se,194.132.66.34
GlobalConnect,jef.dk,93.90.118.211
GlobalConnect,dialogapi.no,193.69.47.176
GlobalConnect,s-n.no,193.161.16.185
GlobalConnect,pitch.se,80.252.168.215
GlobalConnect,pulsen.se,185.133.206.250
GlobalConnect,clasohlson.com,194.132.66.34
GlobalConnect,vigga.no,193.161.16.132
GlobalConnect,magnolianossebro.se,185.133.206.254
GlobalConnect,cycleservicenordic.com,93.90.118.211
GlobalConnect,scandlines.se,77.243.38.15
GlobalConnect,varsom.no,195.204.216.103
GlobalConnect,politi.dk,212.98.96.11
GlobalConnect,scandlines.com,77.243.38.15
GlobalConnect,hyttetorget.no,81.175.41.159
GlobalConnect,senior.dk,217.195.176.227
GlobalConnect,sparnord.dk,171.25.228.149
GlobalConnect,kriminalomsorgen.no,195.159.31.7
GlobalConnect,temalogic.com,195.159.29.151
GlobalConnect,apoteket.dk,94.18.193.126
GlobalConnect,bladet.no,193.161.16.72
GlobalConnect,technet.no,195.159.29.139
GlobalConnect,porten.no,193.161.16.209
GlobalConnect,bokkilden.no,88.87.45.144
GlobalConnect,lyckasmedmat.se,94.246.97.161
GlobalConnect,bokklubben.no,88.87.45.144
GlobalConnect,saechsische-dampfschifffahrt.de,185.200.8.17
GlobalConnect,maritim.no,81.175.41.178
GlobalConnect,victoriahem.se,185.133.205.149
GlobalConnect,duell.no,195.159.29.232
GlobalConnect,raceoffice.se,185.133.206.250
GlobalConnect,adressa.no,193.161.16.50
GlobalConnect,sexwriter.dk,185.34.15.61
GlobalConnect,styleguard.com,195.159.29.151
GlobalConnect,friskis.com,212.112.172.210
GlobalConnect,odin.dk,5.56.147.39
GlobalConnect,oddsautomaten.com,130.255.160.104
GlobalConnect,nomis.fi,83.145.29.179
GlobalConnect,tronderbladet.no,193.161.16.78
GlobalConnect,treehotel.se,185.133.206.244
GlobalConnect,nextlift.ca,83.145.60.17
GlobalConnect,prio.no,77.40.157.136
GlobalConnect,outwell.com,93.176.86.150
GlobalConnect,zebon.dk,77.233.249.40
GlobalConnect,dataguard.no,194.19.50.13
GlobalConnect,av-avis.no,193.161.16.211
GlobalConnect,domea.dk,83.136.90.164
GlobalConnect,zyxel.eu,212.98.95.139
GlobalConnect,folkebladet.no,193.161.16.92
GlobalConnect,cateno.no,195.159.64.142
GlobalConnect,stom.dk,87.116.13.124
GlobalConnect,zyxel.ru,212.98.95.139
GlobalConnect,leitstellenspiel.de,185.19.233.194
GlobalConnect,nearadio.no,193.161.16.199
GlobalConnect,steinkjer24.no,193.161.16.175
GlobalConnect,venneslatidende.no,193.161.16.189
GlobalConnect,rixtelecom.se,82.96.56.132
GlobalConnect,offentligajobb.se,62.181.196.223
GlobalConnect,landbruksdirektoratet.no,185.120.101.69
GlobalConnect,ns02.com,212.112.163.90
GlobalConnect,grouptechedge.com,81.27.214.180
GlobalConnect,d-ikt.no,81.0.157.137
GlobalConnect,mamut.com,195.204.102.28
GlobalConnect,hydraspecma.com,93.176.85.11
GlobalConnect,timeforit.se,94.136.71.71
GlobalConnect,etrack1.com,217.116.217.152
GlobalConnect,ns05.com,212.112.163.90
GlobalConnect,ostfoldfk.no,139.98.1.31
GlobalConnect,polarismedia.no,193.161.16.200
GlobalConnect,geonorge.no,159.162.23.63
GlobalConnect,usabil.nu,185.133.205.2
GlobalConnect,gq.nu,185.13.96.33
GlobalConnect,certezza.net,82.99.51.81
GlobalConnect,lordsandknights.com,185.19.233.194
GlobalConnect,ip-only.net,62.109.47.237
GlobalConnect,fjuken.no,193.161.16.126
GlobalConnect,as2116.net,193.71.8.245
GlobalConnect,bilglassportalen.no,193.69.152.140
GlobalConnect,dolen.no,193.161.16.121
GlobalConnect,interflora.no,195.159.124.17
GlobalConnect,intendit.se,152.115.36.106
GlobalConnect,vetmanager.se,213.212.63.52
GlobalConnect,bangolf.se,185.133.207.56
GlobalConnect,framtidinord.no,193.161.16.91
GlobalConnect,ht.no,193.161.16.93
GlobalConnect,askoservering.no,87.238.65.247
GlobalConnect,amprnet.se,213.212.12.111
GlobalConnect,tornado.no,195.159.29.139
GlobalConnect,zalaris.com,77.40.236.228
GlobalConnect,multinet.no,193.90.12.10
GlobalConnect,managerleague.com,80.241.92.180
GlobalConnect,norisp.no,193.69.115.225
GlobalConnect,bygdanytt.no,193.161.16.212
GoDaddy,xn--ogbjjc1f.com,23.229.234.160
GoDaddy,remedieslabs.com,148.66.138.141
GoDaddy,imspade.com,184.168.221.46
GoDaddy,profeedr.com,103.44.220.53
GoDaddy,searchguy.com,50.63.7.234
GoDaddy,seomotionz.com,148.66.138.172
GoDaddy,lock5stat.com,50.62.183.97
GoDaddy,extremegaming.com.ph,118.139.181.99
GoDaddy,rbcs.org,50.63.18.10
GoDaddy,digitalfund.online,118.139.178.181
GoDaddy,hovernetworks.net,184.168.221.12
GoDaddy,poriyaan.in,118.139.179.89
GoDaddy,cherryglenfarm.com,184.168.106.45
GoDaddy,fevercdn.com,50.63.202.38
GoDaddy,chikucab.com,118.139.180.41
GoDaddy,modoodoc.com,50.63.202.1
GoDaddy,becoolcouriers.com.au,184.168.221.15
GoDaddy,vsoontech.com,50.63.202.42
GoDaddy,skillpaisa.com,184.168.123.241
GoDaddy,jgw528.com,97.74.81.40
GoDaddy,iforex24.com,184.168.125.49
GoDaddy,lasvegasymca.org,50.62.181.85
GoDaddy,erpreceiptverification.com,68.178.229.115
GoDaddy,punjablotteryresults.com,184.168.97.94
GoDaddy,oshkoshglobal.com,184.168.221.56
GoDaddy,cujammu.ac.in,148.66.153.118
GoDaddy,sbcplindia.com,148.66.136.212
GoDaddy,pmiststudentportal.in,148.72.90.82
GoDaddy,bingo.net.ua,166.62.28.124
GoDaddy,agapetsnz.com,184.168.123.184
GoDaddy,niel.in,68.178.158.76
GoDaddy,pubcon.com,50.62.181.13
GoDaddy,jusarangchurch.com,23.229.182.227
GoDaddy,worldpaytd.com,184.168.221.39
GoDaddy,yhaindia.org,68.178.162.241
GoDaddy,icant.co.uk,50.62.223.222
GoDaddy,sukaininfoway.com,184.168.104.3
GoDaddy,civilrightsdocs.info,23.229.179.41
GoDaddy,davuniversity.org,184.168.127.142
GoDaddy,fmnc.ac.in,97.74.84.12
GoDaddy,encalm.com,97.74.82.245
GoDaddy,accessdomain.com,64.207.129.182
GoDaddy,reptime.com,148.72.96.255
GoDaddy,foodlicenseportal.org,68.178.155.222
GoDaddy,traxionpay.com,68.178.226.30
GoDaddy,gardenia.com.ph,166.62.27.173
GoDaddy,javvideoporn.com,68.178.236.119
GoDaddy,efficiencymaine.com,50.63.18.164
GoDaddy,sthbruyaguys.top,148.66.157.246
GoDaddy,stmrcstvm.com,68.178.145.116
GoDaddy,greatdealsindia.com,50.62.160.69
GoDaddy,tantex.org,184.168.104.44
GoDaddy,eurekkaedutech.com,68.178.169.102
GoDaddy,marvelpathlab.com,148.72.90.15
GoDaddy,adhaven.com,50.63.119.21
GoDaddy,javxxxporn.com,68.178.236.119
GoDaddy,kvguruji.com,184.168.118.40
GoDaddy,maangal.com,97.74.86.245
GoDaddy,theunstitchd.com,148.66.158.163
GoDaddy,thenrai.in,148.72.90.21
GoDaddy,carousell.com.hk,64.13.192.76
GoDaddy,adscholars.com,148.72.1.208
GoDaddy,shahucollegelatur.org.in,148.72.90.68
GoDaddy,adtwister.me,184.168.221.62
GoDaddy,freelancify.in,148.72.247.82
GoDaddy,giftabled.org,118.139.178.9
GoDaddy,grabzio.in,118.139.166.255
GoDaddy,oyoroomscdn.com,184.168.221.56
GoDaddy,printsunglasses.com,118.139.176.133
GoDaddy,amptab.com,45.40.142.122
GoDaddy,missdelhiescort.com,68.178.236.157
GoDaddy,apll.info,184.168.126.210
GoDaddy,brandstik.com,148.66.156.226
GoDaddy,i-turmeric.com,148.72.90.36
GoDaddy,omlogistics.co.in,97.74.89.105
GoDaddy,karthikeyanjayaram.in,23.229.222.224
GoDaddy,seedoctor.com.hk,148.72.211.17
GoDaddy,guestybookings.com,184.168.221.37
GoDaddy,whatthefuss.in,68.178.154.97
GoDaddy,qualitym8trics.com,184.168.221.54
GoDaddy,gegroup.ae,184.168.116.70
GoDaddy,ingrimayne.com,23.229.224.6
GoDaddy,aerith.net,50.63.7.209
GoDaddy,cukashmir.ac.in,148.66.128.23
GoDaddy,sonamukhicollegebankura.com,184.168.116.126
GoDaddy,harperapps.com,64.207.137.161
GoDaddy,escortserviceindia.in,184.168.96.162
GoDaddy,sattaking-company.com,118.139.180.145
GoDaddy,sweetmakershop.com,166.62.10.54
GoDaddy,satta-xpress.com,118.139.182.167
GoDaddy,watchla.app,23.229.205.101
GoDaddy,rowebiz.com,97.74.215.197
GoDaddy,sattamatkaamarket.org,68.178.156.243
GoDaddy,mpowerplacement.com,43.255.154.57
GoDaddy,1win-bet-app.com,68.178.236.130
GoDaddy,implicitbooks.com,118.139.179.50
GoDaddy,lifelegacyfitness.com,68.178.235.159
GoDaddy,mtacc-esa.info,50.63.202.43
GoDaddy,cadviet.com,166.62.28.109
GoDaddy,domainsbyproxy.com,208.109.6.33
Google_Cloud_CDN,fitflop.com,130.211.58.39
Google_Cloud_CDN,restaurantgaig.com,35.214.184.222
Google_Cloud_CDN,dotroot.it,34.96.116.138
Google_Cloud_CDN,olimp6301.site,34.41.139.193
Google_Cloud_CDN,spayee.com,216.239.36.21
Google_Cloud_CDN,taschengeldladies.eu,34.91.146.237
Google_Cloud_CDN,lazychord.com,34.102.130.243
Google_Cloud_CDN,thewildernessdowntown.com,216.239.38.21
Google_Cloud_CDN,unfilteredwithkiran.com,35.215.86.163
Google_Cloud_CDN,awasu.com,35.215.90.112
Google_Cloud_CDN,quotit.com,104.199.126.146
Google_Cloud_CDN,blockcms.build,34.160.68.68
Google_Cloud_CDN,bharatnxt.in,34.93.104.38
Google_Cloud_CDN,sagentlending.com,35.212.31.62
Google_Cloud_CDN,scotnet.co.uk,35.214.93.61
Google_Cloud_CDN,visitanaheim.org,34.74.254.27
Google_Cloud_CDN,rajabandot123.org,34.160.17.71
Google_Cloud_CDN,qhcus.com,34.73.207.4
Google_Cloud_CDN,ndr-net.de,34.120.212.72
Google_Cloud_CDN,massivemesh.com,23.236.62.147
Google_Cloud_CDN,intelyvale.com.mx,146.148.91.118
Google_Cloud_CDN,casefilepodcast.com,35.214.14.152
Google_Cloud_CDN,faithinkjv.com,34.111.236.220
Google_Cloud_CDN,2dworkflow.com,34.68.234.4
Google_Cloud_CDN,qubemoney.com,104.196.243.252
Google_Cloud_CDN,cronos.be,34.77.29.227
Google_Cloud_CDN,cybermaxx.com,35.227.16.104
Google_Cloud_CDN,myrosatis.com,35.224.61.58
Google_Cloud_CDN,farmaciadelpuente.com.ar,35.199.81.250
Google_Cloud_CDN,gujaratfirst.com,34.160.249.209
Google_Cloud_CDN,nordot.jp,35.201.105.212
Google_Cloud_CDN,billowybelief.com,34.160.218.70
Google_Cloud_CDN,callwidget.co,104.196.224.116
Google_Cloud_CDN,gibraltar1.com,35.231.45.149
Google_Cloud_CDN,jsmdicas.com,216.239.34.21
Google_Cloud_CDN,edreams.gr,35.246.196.126
Google_Cloud_CDN,warga188l.com,35.214.0.116
Google_Cloud_CDN,ieltsmaterial.com,34.47.251.23
Google_Cloud_CDN,mitarbeitervorteile.de,34.175.110.22
Google_Cloud_CDN,yelsterdigital.com,34.77.225.87
Google_Cloud_CDN,terristeffes.com,216.239.32.21
Google_Cloud_CDN,transtutors.com,35.211.107.79
Google_Cloud_CDN,pai.pt,34.54.255.201
Google_Cloud_CDN,southshorecva.com,34.74.254.27
Google_Cloud_CDN,aridaianews.gr,216.239.36.21
Google_Cloud_CDN,loopme.me,35.206.149.249
Google_Cloud_CDN,gladmc.com,35.198.25.20
Google_Cloud_CDN,appyleague.com,34.102.169.19
Google_Cloud_CDN,webpass.net,34.120.232.54
Google_Cloud_CDN,spotifynewsroom.jp,216.239.32.21
Google_Cloud_CDN,thinkchecksubmit.org,35.214.243.161
Google_Cloud_CDN,overconfidentfood.com,34.111.60.177
Google_Cloud_CDN,ut.net.br,23.236.62.147
Google_Cloud_CDN,langan.com,104.199.114.22
Google_Cloud_CDN,topdealsearch.com,34.117.27.164
Google_Cloud_CDN,hookedonphonics.com,35.212.71.130
Google_Cloud_CDN,euremotejobs.com,35.244.153.44
Google_Cloud_CDN,radiocity.in,34.160.158.182
Google_Cloud_CDN,gifyourgame.com,35.244.169.17
Google_Cloud_CDN,youtube.sa,142.250.179.238
Google_Cloud_CDN,mediaslide.com,130.211.98.193
Google_Cloud_CDN,quickmar.com,34.68.72.178
Google_Cloud_CDN,integrations-narvar.com,34.160.39.66
Google_Cloud_CDN,daouoffice.com,34.64.108.192
Google_Cloud_CDN,facturoporti.com.mx,34.121.104.81
Google_Cloud_CDN,parlevelvms.com,130.211.200.74
Google_Cloud_CDN,habituallychic.luxury,35.185.116.224
Google_Cloud_CDN,yokohamafc.com,216.239.36.21
Google_Cloud_CDN,brigantine.com,35.185.227.195
Google_Cloud_CDN,wittmachine.net,34.82.31.48
Google_Cloud_CDN,colopl.jp,35.186.240.52
Google_Cloud_CDN,bqmbams.com,34.41.139.193
Google_Cloud_CDN,dols.it,35.187.61.140
Google_Cloud_CDN,letourfemmes.fr,35.241.3.120
Google_Cloud_CDN,optelos.com,104.198.6.106
Google_Cloud_CDN,182-airtelbroadband.in,34.41.139.193
Google_Cloud_CDN,incapto.com,34.128.133.131
Google_Cloud_CDN,jbrec.com,35.215.73.252
Google_Cloud_CDN,salzbergwerk.de,35.242.229.239
Google_Cloud_CDN,wonderpush.com,35.227.249.27
Google_Cloud_CDN,concept3d.com,34.68.32.66
Google_Cloud_CDN,copaguide.com,216.239.38.21
Google_Cloud_CDN,laprovence.com,35.241.42.40
Google_Cloud_CDN,gfme.co,67.199.248.12
Google_Cloud_CDN,moneyfor.com,35.244.207.205
Google_Cloud_CDN,dicedreams.com,23.236.62.147
Google_Cloud_CDN,cinebox.mx,35.224.17.89
Google_Cloud_CDN,fashionpulis.com,216.239.32.21
Google_Cloud_CDN,jktoday.in,216.239.38.21
Google_Cloud_CDN,hotelsviva.com,34.36.169.57
Google_Cloud_CDN,weibook.co,216.239.32.21
Google_Cloud_CDN,rosebud.ai,34.110.229.6
Google_Cloud_CDN,civo.io,67.199.248.13
Google_Cloud_CDN,agilusdiagnostics.com,34.117.117.49
Google_Cloud_CDN,femestella.com,35.212.98.18
Google_Cloud_CDN,blogspot.com.br,142.251.221.73
Google_Cloud_CDN,nicolaudie.com,104.199.82.192
Google_Cloud_CDN,mdais.org,34.117.68.79
Google_Cloud_CDN,peoplestrong.com,34.93.67.229
Google_Cloud_CDN,visitokc.com,34.74.254.27
Huawei_Cloud,khomp.com.br,119.8.82.117
Huawei_Cloud,pptvhd36.com,94.74.112.188
Huawei_Cloud,pandagiftcard.com,101.46.70.98
Huawei_Cloud,luckyplata.co,94.74.68.168
Huawei_Cloud,huishoushang.com,114.116.230.14
Huawei_Cloud,cfi.co.ug,110.238.76.187
Huawei_Cloud,dutenews.com,110.41.220.39
Huawei_Cloud,attnserver.com,139.9.33.11
Huawei_Cloud,whow.net,101.46.142.27
Huawei_Cloud,gxbys.com,1.94.73.226
Huawei_Cloud,rose-ip.com,119.13.95.119
Huawei_Cloud,moretickets.com,101.44.84.114
Huawei_Cloud,cgv.id,110.239.65.172
Huawei_Cloud,hrm.cn,120.46.217.226
Huawei_Cloud,ushareit.com,159.138.103.42
Huawei_Cloud,bayescom.com,124.70.9.166
Huawei_Cloud,qiyuesuo.com,121.37.160.134
Huawei_Cloud,xmsecu.com,49.4.84.205
Huawei_Cloud,philipsiot.com,116.205.131.129
Huawei_Cloud,iship.cloud,110.238.114.30
Huawei_Cloud,epsgrau.pe,119.8.153.44
Huawei_Cloud,qcckyc.com,119.13.107.187
Huawei_Cloud,scyrox.net,27.106.103.205
Huawei_Cloud,metajoygames.com,159.138.147.136
Huawei_Cloud,hainan.net,113.45.148.104
Huawei_Cloud,casinosmacgroup.bet.ar,110.238.66.111
Huawei_Cloud,wlstock.com,121.37.24.203
Huawei_Cloud,feijiu.net,119.3.219.161
Huawei_Cloud,laiyifen.com,119.3.86.242
Huawei_Cloud,1415926.mobi,190.92.232.49
Huawei_Cloud,jne.co.id,110.239.68.51
Huawei_Cloud,winwin-co.com,123.60.162.220
Huawei_Cloud,cssmoban.com,121.36.98.0
Huawei_Cloud,tue5b.com,121.36.202.168
Huawei_Cloud,huaweicloudwaf.com,43.254.0.6
Huawei_Cloud,pams.ai,159.138.240.214
Huawei_Cloud,uncp.edu.pe,159.138.116.72
Huawei_Cloud,wurth.com.ar,119.8.73.173
Huawei_Cloud,dayunlinks.cn,116.205.131.129
Huawei_Cloud,enaea.edu.cn,114.116.231.34
Huawei_Cloud,tiens.com,123.249.96.241
Huawei_Cloud,africagonepay.info,110.238.79.52
Huawei_Cloud,sec.org.ar,119.8.72.205
Huawei_Cloud,revanche.com.br,101.44.1.34
Huawei_Cloud,365dmp.com,117.78.29.60
Huawei_Cloud,etouch.cn,123.60.216.185
Huawei_Cloud,biumoney.com,159.138.163.112
Huawei_Cloud,closeli.cn,121.36.87.66
Huawei_Cloud,54doctor.net,117.78.33.119
Huawei_Cloud,bearing.cn,119.3.78.114
Huawei_Cloud,deepseek.com,60.204.2.4
Huawei_Cloud,qingting.fm,119.3.116.171
Huawei_Cloud,byd.com,139.9.25.155
Huawei_Cloud,clasificadoslavoz.com.ar,110.238.64.211
Huawei_Cloud,xgsdk.com,121.36.219.17
Huawei_Cloud,singwowapp200.com,150.40.248.18
Huawei_Cloud,zhuge.com,119.3.116.192
Huawei_Cloud,5i5j.com,124.71.226.155
Huawei_Cloud,bluebirdgroup.com,110.239.84.183
Huawei_Cloud,easytomessage.com,124.70.220.123
Huawei_Cloud,chuhai.edu.hk,190.92.235.89
Huawei_Cloud,singnowapp.com,49.0.249.134
Huawei_Cloud,qiniu1314.com,124.71.11.196
Huawei_Cloud,1carn.com,124.71.10.42
Huawei_Cloud,rili.cn,121.36.14.90
Huawei_Cloud,hellorf.com,124.70.109.158
Huawei_Cloud,hkcd.com,49.0.237.185
Huawei_Cloud,roov.id,94.74.92.255
Huawei_Cloud,yxbao.com,1.94.129.34
Huawei_Cloud,tilchinalink.com,119.8.44.148
Huawei_Cloud,economia.cl,159.138.117.243
Huawei_Cloud,opaycheckout.com,159.138.174.52
Huawei_Cloud,vps.jp,190.92.254.112
Huawei_Cloud,playtime-official.com,124.243.134.171
Huawei_Cloud,myhithink.com,119.3.28.152
Huawei_Cloud,chelaile.net.cn,124.70.133.169
Huawei_Cloud,xiangjifanyi.com,124.70.161.241
Huawei_Cloud,bwton.com,123.60.127.85
Huawei_Cloud,gdp.bet,14.137.134.18
Huawei_Cloud,veravegas.com,101.46.141.40
Huawei_Cloud,31gamestudio.com,119.8.46.54
Huawei_Cloud,xunxiang.site,116.205.78.173
Huawei_Cloud,shuzhiniao.com,119.3.224.65
Huawei_Cloud,qingshigame.com,121.37.214.47
Huawei_Cloud,mujoy.sg,119.8.58.165
Huawei_Cloud,kanman.com,123.60.61.74
Huawei_Cloud,zappingtv.com,119.8.154.155
Huawei_Cloud,bnws3.com.br,119.8.139.157
Huawei_Cloud,91onegame.com,139.9.69.242
Huawei_Cloud,kdbang.vip,124.71.22.237
Huawei_Cloud,mintchain.io,111.119.216.233
Huawei_Cloud,hiwellapp.com,213.250.147.229
Huawei_Cloud,grandstream.com.cn,139.159.189.50
Huawei_Cloud,ordenaris.com,94.74.70.205
Huawei_Cloud,brainx.tech,94.74.83.119
Huawei_Cloud,herogame.com,159.138.50.138
Huawei_Cloud,bidecentroamerica.com,119.8.1.225
Huawei_Cloud,funarte.gov.br,1.178.45.92
Huawei_Cloud,bitbol.co,119.8.74.88
Huawei_Cloud,billfish.cn,123.60.48.100
Imperva_CDN,liberator.co.th,45.223.168.3
Imperva_CDN,greenskyonline.com,192.230.81.45
Imperva_CDN,puntoscolombia.com,45.60.99.75
Imperva_CDN,usfdons.com,45.223.124.110
Imperva_CDN,teamapp.com,45.223.181.27
Imperva_CDN,msueagles.com,45.223.123.204
Imperva_CDN,daka90.co.il,45.223.139.40
Imperva_CDN,regionsmortgage.com,45.60.241.200
Imperva_CDN,micromania.fr,45.223.59.108
Imperva_CDN,shendetesia.gov.al,45.223.20.62
Imperva_CDN,languagecert.org,45.60.47.233
Imperva_CDN,theamerican.org,45.223.122.198
Imperva_CDN,yamaha-motor.com.au,45.60.16.31
Imperva_CDN,wfosaas.com,45.60.20.210
Imperva_CDN,office-discount.at,45.60.243.108
Imperva_CDN,bridelice.fr,45.60.20.78
Imperva_CDN,brightmine.com,107.154.193.69
Imperva_CDN,weberstatesports.com,45.223.99.109
Imperva_CDN,pensionikeskus.ee,45.60.65.96
Imperva_CDN,cokecce.com,199.83.134.141
Imperva_CDN,casademontecristo.com,45.60.44.162
Imperva_CDN,tenancy.govt.nz,103.28.251.141
Imperva_CDN,natuchipsusa.com,45.223.27.132
Imperva_CDN,shoesforcrews.com,45.60.150.219
Imperva_CDN,somaorcamento.com.br,45.223.41.75
Imperva_CDN,abim.org,45.223.56.157
Imperva_CDN,hon.com,45.60.77.247
Imperva_CDN,korbanek.pl,45.60.34.252
Imperva_CDN,fremontbank.com,45.60.135.183
Imperva_CDN,v12sportsandclassics.co.uk,45.223.144.72
Imperva_CDN,davidsonwildcats.com,45.223.124.106
Imperva_CDN,epson.co.uk,45.60.168.247
Imperva_CDN,tcfhc-sec.com.tw,107.154.80.161
Imperva_CDN,swirepacific.com,45.223.181.232
Imperva_CDN,skywest.com,45.60.149.135
Imperva_CDN,gregorys.gr,45.60.170.160
Imperva_CDN,sportsexperts.ca,45.60.171.100
Imperva_CDN,svph.org.au,45.60.66.189
Imperva_CDN,nxbus.co.uk,45.60.13.213
Imperva_CDN,pandadoc.com,45.223.18.103
Imperva_CDN,cubic.com,45.60.44.163
Imperva_CDN,ekusports.com,45.223.124.110
Imperva_CDN,christusmuguerza.com.mx,45.60.115.22
Imperva_CDN,yamahamotorsports.com,45.60.102.31
Imperva_CDN,credz.com.br,45.60.87.54
Imperva_CDN,steamboat.com,45.60.131.134
Imperva_CDN,shoppertrak.com,45.60.204.141
Imperva_CDN,tigoune.com.co,45.60.86.85
Imperva_CDN,msig-thai.com,45.60.15.68
Imperva_CDN,birchwoodcasey.com,45.60.196.194
Imperva_CDN,activehealth.com,45.223.17.220
Imperva_CDN,alsa.com,45.60.87.106
Imperva_CDN,hitachiaircon.com,45.60.1.197
Imperva_CDN,alarisgroup.com,45.60.171.110
Imperva_CDN,bancoagricola.com,45.60.247.99
Imperva_CDN,lineadirecta.com,45.60.14.51
Imperva_CDN,deervalley.com,45.60.131.134
Imperva_CDN,supercontrol.co.uk,45.60.133.196
Imperva_CDN,metroinfo.co.nz,45.60.15.134
Imperva_CDN,2co.com,45.60.12.94
Imperva_CDN,luminus.be,107.154.112.138
Imperva_CDN,militarymuseum.org,45.223.29.24
Imperva_CDN,greenvillecounty.org,45.60.6.171
Imperva_CDN,tvlinc.com,45.60.11.233
Imperva_CDN,mattel.net,45.60.0.155
Imperva_CDN,endesa.pt,45.60.114.88
Imperva_CDN,ekeystone.com,45.60.240.37
Imperva_CDN,amdrewards.com,45.60.75.13
Imperva_CDN,bger.ch,107.154.117.41
Imperva_CDN,ballstatesports.com,45.223.97.198
Imperva_CDN,stonehillskyhawks.com,45.223.124.109
Imperva_CDN,mattelpartners.com,45.60.0.162
Imperva_CDN,printpac.co.jp,107.154.251.54
Imperva_CDN,ppcgroup.com,107.154.215.107
Imperva_CDN,aquafina.com,45.223.27.132
Imperva_CDN,zurich.ae,107.154.117.220
Imperva_CDN,njcleanenergy.com,45.60.62.47
Imperva_CDN,gallagher.com,103.28.251.208
Imperva_CDN,petsecure.com,45.60.75.50
Imperva_CDN,srsmith.com,45.60.149.189
Imperva_CDN,compunetcredit.com,45.60.106.57
Imperva_CDN,docinfo.org,45.223.146.17
Imperva_CDN,calgarylibrary.ca,45.60.34.141
Imperva_CDN,talkmobile.co.uk,45.60.171.219
Imperva_CDN,nrs.com,45.223.125.61
Imperva_CDN,myclinicalexchange.com,45.60.107.48
Imperva_CDN,nasdaqtrader.com,45.60.0.144
Imperva_CDN,telemetry.anz,45.60.132.46
Imperva_CDN,cspo.be,45.223.167.56
Imperva_CDN,partner.co,107.154.201.32
Imperva_CDN,meusdocumentos.com.br,45.60.51.250
Imperva_CDN,haggen.com,45.60.102.113
Imperva_CDN,georgiastatesports.com,45.223.97.198
Imperva_CDN,ascp.org,45.60.73.153
Imperva_CDN,compex.com,45.60.31.25
Imperva_CDN,twinkl.cl,45.60.46.117
Imperva_CDN,moov-africa.ci,45.60.123.11
Imperva_CDN,ficoscore.com,45.60.171.61
Imperva_CDN,topgearautosport.com,45.223.136.134
Imperva_CDN,otthydromet.com,45.60.151.100
KeyCDN,kxcdn.com,185.172.148.132
KeyCDN,keycdn.com,185.172.149.96
KeyCDN,onsen.io,185.172.148.128
KeyCDN,extmanagers.com,185.172.149.104
Lumen,vlnradio.cl,8.47.69.4
Lumen,ryviu.io,8.47.69.4
Lumen,mechta.kz,8.47.69.4
Lumen,ky35lenugx39.vip,8.47.69.4
Lumen,webimg7.com,8.6.112.4
Lumen,embroker.com,8.47.69.4
Lumen,korben.info,8.6.112.4
Lumen,lexiumonline.com,8.47.69.4
Lumen,pearle.nl,8.6.112.4
Lumen,walkenewmedia.de,212.133.108.67
Lumen,televika.com,8.6.112.4
Lumen,berlinintim.de,8.6.112.4
Lumen,reform.news,8.6.112.4
Lumen,bac.org.tn,8.6.112.4
Lumen,cfmoto.com.au,8.47.69.4
Lumen,infocu.com.br,8.47.69.4
Lumen,chriscraft.com,8.47.69.4
Lumen,dutchbros.com,8.47.69.4
Lumen,ja4k2222.com,8.6.112.4
Lumen,bosterbio.com,8.47.69.4
Lumen,babybio.fr,8.47.69.4
Lumen,youradexchange.com,8.47.69.4
Lumen,mcldaz.org,209.180.130.150
Lumen,heist247.com,8.6.112.4
Lumen,unitedyoung.com,8.6.112.4
Lumen,ubizen.com,66.119.40.3
Lumen,kruidvat.fr,193.240.48.53
Lumen,vega2.bet,8.47.69.4
Lumen,cs.net,8.47.69.4
Lumen,fremantleports.com.au,8.47.69.4
Lumen,leepa.org,72.236.141.215
Lumen,boscore.com,8.47.69.4
Lumen,bedrock.nl,8.47.69.4
Lumen,ibo.co.za,8.47.69.4
Lumen,voicefive.com,165.193.78.248
Lumen,ojwincf1.com,8.6.112.4
Lumen,foodhub.com,8.6.112.4
Lumen,netcontent.cc,8.47.69.4
Lumen,ipakyulibank.uz,8.6.112.4
Lumen,adamskeegan.com,66.194.155.226
Lumen,climeworks.com,8.47.69.4
Lumen,elitbet.bg,8.6.112.4
Lumen,mesgroup.com,4.15.112.144
Lumen,gt4-play.co.uk,8.6.112.4
Lumen,ceastudyabroad.com,8.6.112.4
Lumen,gomannyrealtor.com,206.169.144.148
Lumen,hpotter.com,8.6.112.4
Lumen,ozgrid.com,8.6.112.4
Lumen,flashysearch.com,8.6.112.4
Lumen,broadwayatthebeach.com,8.6.112.4
Lumen,disneynews.us,8.6.112.4
Lumen,voicemod.net,8.47.69.4
Lumen,moneywise.com,8.47.69.4
Lumen,wkf.com,8.6.112.4
Lumen,vistarooms.com,8.6.112.4
Lumen,alpics.info,8.47.69.4
Lumen,pika.art,8.47.69.4
Lumen,islamicreliefcanada.org,8.6.112.6
Lumen,afundacion.org,8.47.69.6
Lumen,saniweb.de,8.47.69.4
Lumen,italyincashmere.com,8.6.112.4
Lumen,nappyvalleynet.com,8.47.69.4
Lumen,45bra.com,8.6.112.4
Lumen,anti-bullyingalliance.org.uk,8.6.112.4
Lumen,cacurrent.com,8.6.112.4
Lumen,defiland.app,8.6.112.4
Lumen,freedom.to,8.47.69.4
Lumen,meteoradar.co.uk,8.47.69.4
Lumen,wstv.biz,4.28.149.148
Lumen,membermojo.co.uk,8.6.112.4
Lumen,belfasttelegraph.co.uk,8.47.69.4
Lumen,offer18.com,8.6.112.4
Lumen,desguaceslogrono.com,8.47.69.4
Lumen,socialtext.net,165.193.56.69
Lumen,shrapnel.com,8.47.69.4
Lumen,bongobongo.co.zm,8.6.112.4
Lumen,encompass-suite.com,66.162.195.156
Lumen,xporn.tv,8.6.112.4
Lumen,gdcvault.com,8.6.112.4
Lumen,olm1.com,72.236.255.110
Lumen,vbout.com,8.47.69.4
Lumen,true-north-kitchen.com,8.6.112.4
Lumen,iris.ma,8.6.112.4
Lumen,winslots.com.gh,8.47.69.4
Lumen,katapy.io,66.199.5.170
Lumen,mrexcel.com,8.47.69.4
Lumen,4dayweek.io,8.47.69.4
Lumen,myn4me.online,8.47.69.4
Lumen,glamlora.fr,8.6.112.4
Lumen,incentiv.net,8.47.69.4
Lumen,mascolombia.com,8.6.112.4
Lumen,qeocok.vip,8.6.112.4
Lumen,becomearoadie.com,4.15.100.117
Lumen,unitedrealestateprofessionals.com,65.123.141.149
Lumen,phlvisitorcenter.com,8.6.112.4
Lumen,unlimit.com,8.6.112.4
Lumen,royrogers.it,8.47.69.4
Lumen,casino.us,8.47.69.4
Lumen,forbes.cz,8.6.112.4
Lumen,impossiblefoods.com,8.6.112.4
MainStreaming,as51185.net,94.124.69.228
Medianova,vakko.com,31.3.5.115
Medianova,penti.com,31.3.5.115
Medianova,puffy.com.tr,185.235.10.71
Medianova,vakkorama.com.tr,31.3.5.115
Medianova,rdrtr.com,31.3.0.38
Medianova,mncdn.net,31.3.0.77
Medianova,bilyoner.com,31.3.4.110
Medianova,pzrmcdn.com,146.19.176.146
Medianova,medianova.com,31.3.2.170
Medianova,mncdn.com,185.230.16.51
Microsoft_Azure_CDN,highend.com,52.162.107.3
Microsoft_Azure_CDN,sunexpress.com,20.4.141.74
Microsoft_Azure_CDN,pelckmans.net,4.175.100.245
Microsoft_Azure_CDN,collegesearch.in,20.198.26.34
Microsoft_Azure_CDN,tkagit.com,40.68.90.82
Microsoft_Azure_CDN,sarasotafl.gov,52.247.170.120
Microsoft_Azure_CDN,educationportal3.in,20.197.41.218
Microsoft_Azure_CDN,lynxcloud.app,4.158.89.227
Microsoft_Azure_CDN,sirha-lyon.com,4.178.97.22
Microsoft_Azure_CDN,shift-technology.com,13.107.246.64
Microsoft_Azure_CDN,ukcisa.org.uk,20.90.134.26
Microsoft_Azure_CDN,jwesarl.com,51.145.249.20
Microsoft_Azure_CDN,agropolska.pl,52.232.42.205
Microsoft_Azure_CDN,addonpayments.com,40.81.11.219
Microsoft_Azure_CDN,dhareeba.gov.qa,20.31.1.27
Microsoft_Azure_CDN,instituteforapprenticeships.org,20.90.134.22
Microsoft_Azure_CDN,oshmans.co.jp,20.44.184.238
Microsoft_Azure_CDN,campesportal.com,13.71.123.138
Microsoft_Azure_CDN,encircleapp.com,130.107.25.96
Microsoft_Azure_CDN,sweetwater911.org,20.55.103.191
Microsoft_Azure_CDN,stockdesktopwidget.com,51.120.14.193
Microsoft_Azure_CDN,biathlonresults.com,20.50.2.29
Microsoft_Azure_CDN,eventpro360.com,13.89.189.16
Microsoft_Azure_CDN,innovsys.com,52.189.28.0
Microsoft_Azure_CDN,millerfh.com,9.169.164.11
Microsoft_Azure_CDN,aer.ca,13.107.246.45
Microsoft_Azure_CDN,sanfordhealth.org,13.107.246.10
Microsoft_Azure_CDN,betotal.net,52.252.73.133
Microsoft_Azure_CDN,goformz.com,40.112.243.27
Microsoft_Azure_CDN,accurategroup.com,20.65.102.213
Microsoft_Azure_CDN,clockworkslabs.com,23.101.166.86
Microsoft_Azure_CDN,spcconnect.com,52.157.236.48
Microsoft_Azure_CDN,ny-onlinestore.com,52.185.177.251
Microsoft_Azure_CDN,unicampania.it,104.40.198.143
Microsoft_Azure_CDN,connellsgroup.co.uk,51.140.153.150
Microsoft_Azure_CDN,good-sam.com,13.107.246.10
Microsoft_Azure_CDN,evault.com,40.87.59.99
Microsoft_Azure_CDN,apotheke.com,9.141.97.175
Microsoft_Azure_CDN,usplastic.com,20.55.103.191
Microsoft_Azure_CDN,kdealer.com,20.118.144.27
Microsoft_Azure_CDN,altadiagnosticos.com.br,191.239.240.111
Microsoft_Azure_CDN,masshousing.com,13.107.246.46
Microsoft_Azure_CDN,oresundslinjen.se,13.107.246.64
Microsoft_Azure_CDN,cbaconnect.com,13.88.233.121
Microsoft_Azure_CDN,travelyosemite.com,4.150.168.143
Microsoft_Azure_CDN,agc.org,20.55.233.227
Microsoft_Azure_CDN,isa.org,40.71.11.128
Microsoft_Azure_CDN,testdome.com,13.107.246.50
Microsoft_Azure_CDN,hitachi-powergrids.com,51.104.176.160
Microsoft_Azure_CDN,m2mservices.com,20.114.209.110
Microsoft_Azure_CDN,happydance.love,51.143.191.44
Microsoft_Azure_CDN,casadelahistoriadevenezuela.com,40.114.67.91
Microsoft_Azure_CDN,pagolivre.com.br,13.107.246.73
Microsoft_Azure_CDN,paradescommission.org,20.0.49.202
Microsoft_Azure_CDN,royalholloway.ac.uk,20.90.134.39
Microsoft_Azure_CDN,cbi.iq,20.233.16.198
Microsoft_Azure_CDN,tui.cz,13.107.253.46
Microsoft_Azure_CDN,ineosgrenadiers.com,51.142.213.15
Microsoft_Azure_CDN,teamnetsoftware.com,52.175.202.25
Microsoft_Azure_CDN,marutisuzukitruevalue.com,13.107.253.67
Microsoft_Azure_CDN,eef.or.th,52.187.36.185
Microsoft_Azure_CDN,hsag.com,20.252.18.48
Microsoft_Azure_CDN,mozaikportail.ca,52.235.46.122
Microsoft_Azure_CDN,exceptional.com,13.107.246.64
Microsoft_Azure_CDN,with.run,20.193.239.40
Microsoft_Azure_CDN,ccn.ac.uk,51.105.10.35
Microsoft_Azure_CDN,saavn.com,20.244.240.164
Microsoft_Azure_CDN,schoolbase.online,4.250.136.1
Microsoft_Azure_CDN,schlotzskys.com,104.209.178.67
Microsoft_Azure_CDN,sicoobsigas.com.br,191.235.228.37
Microsoft_Azure_CDN,nsaa.org,40.65.115.69
Microsoft_Azure_CDN,buienradar.be,20.4.98.7
Microsoft_Azure_CDN,worldbeercup.org,20.80.1.157
Microsoft_Azure_CDN,snrs.it,51.145.180.18
Microsoft_Azure_CDN,coi.gov.pl,13.107.246.64
Microsoft_Azure_CDN,vicks.co.uk,20.71.72.42
Microsoft_Azure_CDN,midnsbox.net,20.185.15.141
Microsoft_Azure_CDN,geberit.nl,20.93.151.174
Microsoft_Azure_CDN,lojaesquadrao.com.br,20.85.52.51
Microsoft_Azure_CDN,sorteoanahuac.mx,20.88.202.222
Microsoft_Azure_CDN,suresmile.com,4.155.178.205
Microsoft_Azure_CDN,stellenanzeigen.de,20.79.85.208
Microsoft_Azure_CDN,pertemps.co.uk,51.104.28.68
Microsoft_Azure_CDN,uindy.edu,52.162.92.28
Microsoft_Azure_CDN,tns-nipo.com,20.50.188.12
Microsoft_Azure_CDN,mtgsvc.com,52.158.166.34
Microsoft_Azure_CDN,humaxdigital.com,13.81.105.69
Microsoft_Azure_CDN,205361.com,57.158.128.95
Microsoft_Azure_CDN,lemarcheretail.com,20.192.170.10
Microsoft_Azure_CDN,netsurfdirect.com,4.240.34.146
Microsoft_Azure_CDN,etraininglibrary.com,20.85.170.98
Microsoft_Azure_CDN,calstate.edu,20.115.133.96
Microsoft_Azure_CDN,laverdaddesupeso.es,52.166.179.6
Microsoft_Azure_CDN,data199.com,23.97.212.128
Microsoft_Azure_CDN,wheelsmart.in,20.197.34.185
Microsoft_Azure_CDN,ourcommons.ca,20.220.134.182
Microsoft_Azure_CDN,marcegaglia.com,20.229.195.59
Microsoft_Azure_CDN,5pk365.com,13.107.246.64
Microsoft_Azure_CDN,blackdesertonline.com,52.231.69.227
Microsoft_Azure_CDN,sociofyme.com,52.172.147.64
Ngenix,spix.ru,195.209.66.48
Ngenix,mash.ru,212.193.158.187
Ngenix,goldapple.by,46.235.188.188
Ngenix,our-intranet.ru,46.235.185.254
Ngenix,tstn.ru,212.193.155.206
Ngenix,ks-auto.ru,195.209.81.148
Ngenix,sbermarket.ru,212.193.158.175
Ngenix,lordfilm1.codes,212.193.157.164
Ngenix,rastishka.ru,46.235.185.254
Ngenix,market-sveta.ru,212.193.156.88
Ngenix,machinatorgame.ru,195.209.67.210
Ngenix,allureparfum.ru,195.209.67.37
Ngenix,stroylandiya.ru,46.235.185.183
Ngenix,euprocessing.com,46.235.185.209
Ngenix,sport-express.ru,195.209.66.238
Ngenix,syrovarnya.com,46.235.185.100
Ngenix,nmicr.ru,78.41.110.250
Ngenix,polynomdm.com,46.235.186.152
Ngenix,belfan.ru,195.209.81.68
Ngenix,wexside.ru,195.209.81.128
Ngenix,letoile.kz,46.235.188.46
Ngenix,t2mobile.ru,46.235.188.73
Ngenix,loodsman.ru,195.209.82.57
Ngenix,webbankir.com,212.193.158.161
Ngenix,tele2.ru,78.41.111.55
Ngenix,resoleasing.com,46.235.184.93
Ngenix,russiadiscovery.ru,212.193.155.48
Ngenix,hicebank.ru,212.193.156.63
Ngenix,online-cad.ru,46.235.186.152
Ngenix,mm.ru,93.93.91.70
Ngenix,megatitan.ru,37.220.163.229
Ngenix,forest-home.ru,46.235.186.191
Ngenix,efind.ru,195.209.82.70
Ngenix,santehmoll.ru,46.235.184.67
Ngenix,letoile.by,195.209.66.53
Ngenix,74kolesa.ru,37.220.161.120
Ngenix,letoile.com,212.193.155.50
Ngenix,komus.ru,195.209.82.236
Ngenix,cdek.shopping,46.235.189.241
Ngenix,astonmartin.ru,212.193.158.190
Ngenix,tvoe.ru,195.209.81.186
Ngenix,risazatvorchestvo.com,195.209.67.188
Ngenix,actimuno.ru,78.41.110.125
Ngenix,aeroflot.com,78.41.110.46
Ngenix,obispace.ru,212.193.157.185
Ngenix,bonkod.com,195.209.67.209
Ngenix,super.ru,46.235.189.153
Ngenix,gu-st.ru,46.235.188.219
Ngenix,xn----etbpba5admdlad.xn--p1ai,93.93.89.212
Ngenix,rs24.ru,46.235.185.50
Ngenix,goldapple.ru,46.235.189.86
Ngenix,zhizn.ru,78.41.110.134
Ngenix,azurair.ru,78.41.110.217
Ngenix,e1-card.ru,46.235.185.209
Ngenix,youtravel.me,46.235.188.71
Ngenix,easypayments.online,37.220.161.251
Ngenix,nordkit.ru,93.93.91.29
Ngenix,servermall.ru,78.41.111.189
Ngenix,mykitchen.digital,46.235.185.198
Ngenix,modulbuh.ru,212.193.157.30
Ngenix,sailhost.ru,46.235.188.180
Ngenix,express-med-service.ru,195.209.66.237
Ngenix,faberlic.com,212.193.158.165
Ngenix,milk-trips.ru,93.93.89.191
Ngenix,modulpos.ru,212.193.156.63
Ngenix,polynomdm.ru,195.209.82.57
Ngenix,mir-tema.ru,46.235.185.254
Ngenix,finn-flare.ru,212.193.157.108
Ngenix,bobr.video,78.41.111.95
Ngenix,superback.space,212.193.157.144
Ngenix,modulkassa.ru,93.93.88.204
Ngenix,avilon-nymm.ru,212.193.158.149
Ngenix,escapefromtarkov.ru,46.235.189.250
Ngenix,sferoom.space,212.193.157.72
Ngenix,togas.com,195.209.66.80
Ngenix,loodsman-kb.ru,195.209.66.220
Ngenix,loti.ru,93.93.88.29
Ngenix,indels-a.app,195.209.67.251
Ngenix,letoile.uz,93.93.91.67
Ngenix,travelask.ru,212.193.156.47
Ngenix,polinommdm.com,195.209.67.210
Ngenix,ikekw.space,195.209.82.63
Ngenix,cantata.ru,195.209.82.46
Ngenix,goldapple.kz,78.41.109.94
Ngenix,ct3d.ru,195.209.82.57
Ngenix,newsmedia.ru,195.209.82.146
Ngenix,life.ru,212.193.158.178
Ngenix,lithium-store.ru,93.93.89.26
Ngenix,machinatorgame.com,195.209.82.57
Ngenix,altretail.ru,212.193.157.169
Ngenix,hmonline.ru,195.209.81.72
Ngenix,checkin.ru,37.220.162.61
Ngenix,monastirev.ru,212.193.156.118
Ngenix,psbmarketvmeste.ru,78.41.111.203
Ngenix,ecco-shoes.ru,212.193.158.162
Ngenix,avilon.ru,195.209.66.231
Ngenix,aeroflot.ru,195.209.66.33
Ngenix,t2.ru,78.41.111.161
Ngenix,doctu.ru,195.209.82.149
Ngenix,digital4dan.ru,46.235.185.254
Tata_Communications,geojit.net,121.244.192.213
Tata_Communications,ieiletds.com,203.199.203.216
Tata_Communications,tcappmc.in,14.141.210.121
Tata_Communications,quickheal.com,115.112.38.50
Tata_Communications,indiannavy.gov.in,203.200.8.28
Tata_Communications,travelogy.online,115.110.148.103
Tata_Communications,kirloskarpumps.com,14.142.130.178
Tata_Communications,amfiindia.com,14.143.46.154
Tata_Communications,smcassure.in,115.113.191.41
Tata_Communications,allsechro.com,121.241.245.22
Tata_Communications,mofsl.net,219.64.14.28
Tata_Communications,nsdlbank.com,115.112.16.19
Tata_Communications,shcilestamp.com,121.241.45.21
Tata_Communications,kotaklifeinsurance.com,203.196.250.142
Tata_Communications,hostindia.net,202.52.134.103
Tata_Communications,localzoho.com,121.244.182.92
Tata_Communications,cityunionbank.com,14.142.105.88
Tata_Communications,orbitsys.com,14.140.223.108
Tata_Communications,vidyasaarathi.co.in,59.163.223.202
Tata_Communications,seqrite.com,115.112.38.38
Tata_Communications,bajajautocredit.com,121.244.212.171
Tata_Communications,raftaarpay.com,115.110.148.90
Tata_Communications,landmarkgroup.in,121.244.54.166
Tata_Communications,ibnhost.net,115.112.177.171
Tata_Communications,sbmbank.co.in,115.112.134.130
Tata_Communications,kbl.co.in,14.142.130.172
Tata_Communications,cubonline.biz,14.141.123.5
Tata_Communications,ucoonline.in,115.111.155.28
Tata_Communications,quantmutual.com,115.112.230.191
Tata_Communications,macleods.in,115.112.134.161
Tata_Communications,advantagetvs.com,14.142.205.107
Tata_Communications,unipune.ac.in,121.241.73.169
Tata_Communications,rcfltd.com,203.199.79.251
Tata_Communications,startv.com,14.143.96.143
Tata_Communications,sudlife.in,121.240.11.32
Tata_Communications,signatureglobal.in,14.142.242.199
Tata_Communications,unionbankonline.co.in,59.160.35.102
Tata_Communications,sasken.com,115.110.208.19
Tata_Communications,sulivebetting.sr,115.110.148.79
Tata_Communications,kvbbank.in,14.142.112.17
Tata_Communications,nationalskillsregistry.com,59.163.48.81
Tata_Communications,lcgindia.com,121.240.11.32
Tata_Communications,jbvnl.co.in,14.143.233.199
Tata_Communications,axismaxlife.com,115.113.58.30
Tata_Communications,titan.in,121.242.228.227
Tata_Communications,cmi.ac.in,203.197.244.2
Tata_Communications,ionidea.com,115.113.8.151
Tata_Communications,tradewithtvs.com,14.142.205.108
Tata_Communications,sufinama.org,14.140.111.4
Tata_Communications,makautwb.ac.in,203.200.188.4
Tata_Communications,hppay.in,59.160.48.75
Tata_Communications,stohrm.com,121.244.123.9
Tata_Communications,dcbbank.com,203.196.200.184
Tata_Communications,stockholding.com,203.199.108.234
Tata_Communications,cri.in,115.112.241.73
Tata_Communications,thehrp.ru,100.92.131.50
Tata_Communications,eproc.in,14.141.64.100
Tata_Communications,shar.gov.in,203.199.204.68
Tata_Communications,murugappa.com,121.241.247.153
Tata_Communications,troikaapharma.net,14.142.230.250
Tata_Communications,cbic-gst.gov.in,121.241.246.192
Tata_Communications,axisfinance.in,115.112.85.128
Tata_Communications,cybertick.com,203.197.64.9
Tata_Communications,ioncudos.in,115.113.8.141
Tata_Communications,epaysolutions.in,115.110.148.90
Tata_Communications,capitalmarket.com,203.197.64.68
Tata_Communications,itc-astra.in,115.113.117.11
Tata_Communications,idfcfr.in,14.142.152.134
Tata_Communications,vidyalakshmi.co.in,121.240.246.10
Tata_Communications,ndml.in,121.242.223.252
Tata_Communications,allsectech.com,121.241.245.18
Tata_Communications,paygov.org.in,59.163.48.90
Tata_Communications,integratedindia.in,203.199.203.194
Tata_Communications,kotaksecurities.com,203.199.72.116
Tata_Communications,mytoiconnect.com,14.141.124.132
Tata_Communications,mfuonline.com,14.141.162.2
Tata_Communications,finopaymentbank.in,121.240.11.32
Tata_Communications,fednetbank.com,121.243.127.68
Tata_Communications,ucoebanking.in,14.140.229.25
Tata_Communications,ascent-online.com,121.242.181.227
Tata_Communications,shriraminsight.in,121.243.13.223
Tata_Communications,hindwi.org,14.140.111.4
Tata_Communications,dhanistocks.com,115.110.129.116
Tata_Communications,shcil.com,203.199.108.155
Tata_Communications,hegi.co,115.111.253.215
Tata_Communications,fssai.gov.in,115.113.255.17
Tata_Communications,kotakbank.in,14.142.141.228
Tata_Communications,hmil.net,203.199.218.136
Tata_Communications,maxlifeinsurance.com,115.113.58.183
Tata_Communications,gilbarco.com,115.111.137.173
Tata_Communications,tatacommunicationsdns.com,121.241.244.165
Tata_Communications,incois.gov.in,115.113.76.31
Tata_Communications,abdm.gov.in,121.242.73.65
Tata_Communications,nurecampus.com,14.141.70.29
Tata_Communications,itcportal.com,115.113.220.24
Tata_Communications,dpuerp.in,14.143.170.15
Tata_Communications,hrberry.com,121.242.181.232
Tata_Communications,cbec.gov.in,121.241.246.235
Tata_Communications,rekhtadictionary.com,14.140.111.6
Tata_Communications,mitsubishielectric.in,14.141.64.227
Tencent,dianxiaomi.com,106.53.131.190
Tencent,hrdelec.com,43.130.76.254
Tencent,cnobin.com,170.106.150.205
Tencent,coocent.net,150.109.95.214
Tencent,octoparse.com,49.51.66.52
Tencent,quzzgames.com,140.143.197.228
Tencent,orleto.com,119.29.36.195
Tencent,blackgrannyporn.net,43.165.198.145
Tencent,qunhequnhe.com,42.192.25.212
Tencent,edusunrising.com,129.226.167.242
Tencent,mls-cdn.com,193.112.115.230
Tencent,mountblade.com.cn,81.68.151.239
Tencent,linkease.com,119.45.100.61
Tencent,fstb.gov.hk,43.154.94.77
Tencent,goodbaby.com,49.235.109.25
Tencent,ydniu.com,139.199.216.169
Tencent,investhk.gov.hk,43.154.94.77
Tencent,q8sqg.com,43.163.227.185
Tencent,jdp35.com,43.163.227.185
Tencent,dqccc.com,82.156.184.72
Tencent,wenshushu.cn,140.143.83.198
Tencent,wan5d.com,119.29.83.154
Tencent,chereads.com,170.106.201.30
Tencent,swiftpass.cn,139.199.83.164
Tencent,forevernine.net,119.29.139.230
Tencent,readlife.mobi,43.163.43.154
Tencent,caili999.com,43.163.0.60
Tencent,coccolive.com,43.157.52.197
Tencent,k6q0a.com,43.163.227.185
Tencent,beemoai.com,43.163.199.4
Tencent,dlz123.cn,106.53.98.173
Tencent,sipai.fun,43.134.121.84
Tencent,ym5j7.com,43.153.144.57
Tencent,kingdaros.com,49.51.162.92
Tencent,ufh.com.cn,150.158.134.45
Tencent,y4n.cn,150.158.219.71
Tencent,tencent.cn,109.244.194.121
Tencent,weboss.hk,124.223.51.88
Tencent,huaon.com,106.54.39.140
Tencent,xintangtc.com,134.175.10.149
Tencent,techscience.com,101.32.70.228
Tencent,cgk4o.com,43.163.214.140
Tencent,cnlishuai.com,43.157.40.70
Tencent,g8usc.com,43.153.176.200
Tencent,yiqibazi.com,115.159.54.119
Tencent,xiaolachuxing.com,106.53.159.207
Tencent,futuhkapp.com,150.109.153.221
Tencent,speiyou.com,101.42.127.160
Tencent,pubgselfservice.com,43.133.77.8
Tencent,esun3d.com,49.51.207.226
Tencent,jianpian.cn,120.53.131.173
Tencent,kyxy777.com,118.25.170.193
Tencent,upseller.cn,43.135.206.226
Tencent,1000pay.cn,101.35.254.229
Tencent,s62wk.com,43.130.232.99
Tencent,cnledw.com,119.29.144.177
Tencent,iqihang.com,123.206.4.208
Tencent,helloigames.com,43.134.92.68
Tencent,jisuapp.cn,111.230.164.37
Tencent,yeelight.com,49.234.126.173
Tencent,c8kis.com,43.153.137.172
Tencent,mairuan.com,119.91.67.46
Tencent,eyewind.cn,81.70.91.77
Tencent,shyyp.net,43.154.14.211
Tencent,maimemostatus.com,152.136.10.254
Tencent,sosot.net,119.28.114.79
Tencent,daconghealth.com,148.70.224.123
Tencent,bioon.com.cn,123.207.218.165
Tencent,legislation.gov.hk,43.154.94.77
Tencent,questionai.com,170.106.62.51
Tencent,gizwitsapi.com,119.29.88.102
Tencent,duole.com,140.143.219.132
Tencent,nn.com,150.158.222.58
Tencent,jys6.cn,129.211.50.137
Tencent,lonlonsoft.com,43.141.52.49
Tencent,exhifk.top,193.112.237.41
Tencent,mop.com,58.87.96.183
Tencent,6c6sg.com,43.163.199.178
Tencent,ucdn.net,43.138.253.112
Tencent,864ys.com,43.133.11.71
Tencent,twomiles.cn,111.230.215.52
Tencent,midea.cn,106.55.70.58
Tencent,qq.com,203.205.254.157
Tencent,sogo.com,43.153.236.147
Tencent,cy.com,58.87.97.186
Tencent,ocn.com.cn,134.175.155.141
Tencent,zuoyebang.com,49.233.94.217
Tencent,wen18.top,150.109.59.126
Tencent,dsd.gov.hk,43.154.94.77
Tencent,jd-mall.cn,42.192.182.98
Tencent,elexapp.com,203.195.153.144
Tencent,bcfmq.com,43.156.96.243
Tencent,anjuke.com,42.187.161.102
Tencent,yinxiang.com,123.206.4.34
Tencent,labour.gov.hk,43.154.94.77
Tencent,uril6.com,1.13.12.96
Tencent,jeyii.cn,111.230.249.231
Tencent,szime.com,175.178.2.90
Tencent,tnas2.link,119.28.31.72
Tencent,roxmotor.com,81.69.87.251
Wangsu,xdu3.com,174.35.86.157
Wangsu,9appsapk.cc,157.185.128.218
Wangsu,ip138.com,157.185.156.194
Wangsu,cscec1b.net,146.103.65.39
Wangsu,superbet854.com,168.235.193.135
Wangsu,usafis.org,163.171.213.13
Wangsu,biabet495.com,194.107.19.100
Wangsu,cybsmm.com,14.0.115.31
Wangsu,wondershare.es,70.39.189.181
Wangsu,ivdy.com,138.113.205.188
Wangsu,chinadailyhk.com,163.171.131.205
Wangsu,e0575.com,61.110.250.19
Wangsu,qingdaonews.com,138.113.140.72
Wangsu,cooco.net.cn,174.35.118.63
Wangsu,cntv.cn,138.113.149.153
Wangsu,kaiwind.com,138.113.225.80
Wangsu,spinco92.com,116.193.87.27
Wangsu,wondershare.kr,8.37.238.15
Wangsu,bodog.eu,138.113.149.152
Wangsu,knightfrank.com,157.185.155.6
Wangsu,vegas11.tv,146.103.66.116
Wangsu,wondershare.jp,203.130.48.148
Wangsu,1xbit.com,138.113.151.39
Wangsu,toptoon.jp,157.185.155.6
Wangsu,gansudaily.com.cn,163.171.146.42
Wangsu,irbet365.com,168.235.193.135
Wangsu,henan.gov.cn,138.113.79.55
Wangsu,pars90.com,168.235.193.135
Wangsu,huatu.com,163.171.129.134
Wangsu,wcsapi.com,163.171.146.54
Wangsu,2wpower.com,138.113.20.166
Wangsu,r39thb.com,14.0.117.21
Wangsu,arianbet.com,168.235.193.135
Wangsu,bettilt664.com,138.113.101.15
Wangsu,spinco91.com,138.113.48.112
Wangsu,bandaide.co.uk,140.150.28.143
Wangsu,thuocsi.vn,138.113.150.20
Wangsu,syensqo.com,157.185.134.5
Wangsu,yiihuu.com,163.171.146.43
Wangsu,1000bet.in,157.185.148.125
Wangsu,winsport365.com,157.185.148.125
Wangsu,bahsegel1194.com,163.171.146.42
Wangsu,ctexcel.ca,138.113.96.91
Wangsu,4399sy.com,138.113.149.153
Wangsu,cdnetworks.com,138.113.149.152
Wangsu,no1airport.com,174.35.118.91
Wangsu,melbet.ng,138.113.223.160
Wangsu,beachcomber-hotels.com,138.113.153.218
Wangsu,997788.com,157.185.178.16
Wangsu,rokubet289.com,138.113.101.15
Wangsu,workercn.cn,157.185.156.194
Wangsu,666p999.com,138.113.156.42
Wangsu,huhexian.com,174.35.76.114
Wangsu,cratosroyalbet789.com,138.113.48.112
Wangsu,paparich.club,157.185.135.95
Wangsu,popmart.com,163.171.240.16
Wangsu,cannonbet.com,168.235.193.135
Wangsu,betsalvador578.com,157.185.148.125
Wangsu,tinbet.pe,168.235.193.135
Wangsu,tongbu.com,61.110.197.11
Wangsu,wondershare.it,70.39.189.181
Wangsu,aosite.com,157.185.175.102
Wangsu,669bet18.com,146.103.66.170
Wangsu,revenuenetwork.com,174.35.118.63
Wangsu,daga88c.bet,140.150.28.143
Wangsu,aimersoft.com,8.37.238.15
Wangsu,maxwin463.com,194.107.19.100
Wangsu,betwoon758.com,168.235.193.135
Wangsu,e-etik000.com,146.103.65.121
Wangsu,gift-system.com,163.171.242.22
Wangsu,95516.com,163.171.161.11
Wangsu,e-etk009.com,138.113.132.197
Wangsu,bv999.win,138.113.216.188
Wangsu,r3988.com,14.0.57.21
Wangsu,filmora.io,70.39.189.181
Wangsu,inmigracioncanadiense.com.mx,163.171.138.116
Wangsu,d199tha.com,14.0.117.21
Wangsu,quantil.com,157.185.134.5
Wangsu,vietnamnews.vn,138.113.53.41
Wangsu,cic.gov.vn,138.113.115.37
Wangsu,medchemexpress.cn,138.113.149.153
Wangsu,daga88z.pro,138.113.33.163
Wangsu,playbvx.lv,157.185.179.12
Wangsu,bettilt385.com,163.171.129.134
Wangsu,chinadaily.net,138.113.102.15
Wangsu,wondershare.tw,8.37.238.15
Wangsu,usavisaconsultant.com,163.171.213.13
Wangsu,cafecasino.lv,163.171.211.114
Wangsu,r39.co,174.35.120.54
Wangsu,trbpwa94.com,163.171.146.42
Wangsu,870.com,157.185.175.102
Wangsu,xfdown.com,157.185.129.205
Wangsu,jeetwinbd.vip,138.113.56.141
Wangsu,xd.vip,140.150.28.17
Wangsu,ngabbs.com,163.171.146.121
Wangsu,festwin370.com,157.185.148.125
Wangsu,r39sss.com,138.113.43.2
Wangsu,daga88s.link,138.113.33.163
Wangsu,cratosroyalbet786.com,168.235.193.135
Wangsu,xmtv.cn,163.171.130.131
wixdns,sealionpress.co.uk,185.230.63.186
wixdns,ipcourierja.com,185.230.63.186
wixdns,chambaorestaurant.com,185.230.63.186
wixdns,tallidrinks.com,185.230.63.171
wixdns,lumiere-education.com,185.230.63.171
wixdns,mrtc.com,185.230.63.107
wixdns,enginprogram.org,185.230.63.186
wixdns,mudgirlrun.us,185.230.63.107
wixdns,sunstudio.io,185.230.63.107
wixdns,cetes.edu.pa,185.230.63.107
wixdns,solvi.com,185.230.63.186
wixdns,motecx.com,185.230.63.107
wixdns,p-gyms.jp,185.230.63.171
wixdns,bhiptorino.com,185.230.63.107
wixdns,africanmanagers.org,185.230.63.107
wixdns,manteiatech.com,185.230.63.107
wixdns,valkyrie.com,185.230.63.107
wixdns,idgateway.co.uk,185.230.63.107
wixdns,thatrecipedigest.com,185.230.63.171
wixdns,tuff-luv.com,185.230.63.107
wixdns,falepleno.com.br,185.230.63.107
wixdns,verificadas.bet,185.230.63.186
wixdns,concredito.com.mx,185.230.63.171
wixdns,bluesfest.com.au,185.230.63.186
wixdns,naii.net,185.230.63.107
wixdns,accordnewtown.com,185.230.63.107
wixdns,qubewire.com,185.230.63.107
wixdns,ehbingo.no,185.230.63.107
wixdns,ipmmathscholarship.com,185.230.63.171
wixdns,hoiio.com,185.230.63.107
wixdns,doublech.com,185.230.63.171
wixdns,ismerely.com,185.230.63.171
wixdns,shoetowngroup.com,185.230.63.107
wixdns,babarenglish.com,185.230.63.171
wixdns,paytel.com,185.230.63.107
wixdns,ici.net,185.230.63.107
wixdns,edexcelencia.org,185.230.63.107
wixdns,jimmywebb.com,185.230.63.186
wixdns,kseriestamilsub.co.in,185.230.63.107
wixdns,cinevs.app,185.230.63.186
wixdns,wbtel.com.br,185.230.63.107
wixdns,lestetelecom.com.br,185.230.63.107
wixdns,zsuite.org,185.230.63.107
wixdns,primevox.net,185.230.63.107
wixdns,setembroamarelo.com,185.230.63.107
wixdns,vpn-point.com,185.230.63.171
wixdns,uniqueasia.com.hk,185.230.63.171
wixdns,planespostpago-internethogar.com,185.230.63.171
wixdns,holder.com,185.230.63.107
wixdns,connected-stories.com,185.230.63.107
wixdns,iampsychiatry.com,185.230.63.171
wixdns,gilatgov.net,185.230.63.107
wixdns,inetweb.com.br,185.230.63.171
wixdns,lemonrecipelife.me,185.230.63.171
wixdns,hongkongtaxiexchange.com,185.230.63.186
wixdns,testingbigaccountcooldomainname4.info,185.230.63.186
wixdns,hemedclinic.com,185.230.63.107
wixdns,herder-ing.de,185.230.63.107
wixdns,xcira.com,185.230.63.107
wixdns,heydogg.com,185.230.63.107
wixdns,fokkio.com,185.230.63.107
wixdns,senstream.com,185.230.63.107
wixdns,sosouthernsoundkits.com,185.230.63.107
wixdns,operative-tagesklinik.de,185.230.63.171
wixdns,huntleymanor.com,185.230.63.107
wixdns,lasalle.ed.cr,185.230.63.107
wixdns,herowarscentral.com,185.230.63.186
wixdns,compusa.com,185.230.63.107
wixdns,coso.org,185.230.63.107
wixdns,pencilwrench.com,185.230.63.107
wixdns,inefop.uy,185.230.63.107
wixdns,cognicor.com,185.230.63.107
wixdns,kaplancomputers.net,185.230.63.107
wixdns,testingbigaccountcooldomainname5.info,185.230.63.171
wixdns,cliptv.az,185.230.63.107
wixdns,unaes.edu.pa,185.230.63.107
wixdns,pepe.vip,185.230.63.171
wixdns,googplace.ch,185.230.63.107
wixdns,uspokercasinoparties.com,185.230.63.171
wixdns,consort-spirit.org,185.230.63.186
wixdns,youcine.net,185.230.63.107
wixdns,tanssi.network,185.230.63.107
wixdns,marshallgoldsmith.com,185.230.63.107
wixdns,mojai.net,185.230.63.186
wixdns,dehonline.es,185.230.63.107
wixdns,florexpo.com,185.230.63.107
wixdns,inorpel.com.br,185.230.63.107
wixdns,futbolbogotano.com,185.230.63.186
wixdns,conectagomex.com,185.230.63.171
wixdns,hermancainmovie.com,185.230.63.107
wixdns,clermontseniors.com,185.230.63.107
wixdns,nbcl.biz,185.230.63.107
wixdns,tratorplan.com.br,185.230.63.107
wixdns,gofreewheel.com,185.230.63.186
wixdns,wofo.co.nz,185.230.63.171
wixdns,tvzoneuk.com,185.230.63.107
wixdns,xn--h10bx0wsvp.net,185.230.63.107
wixdns,seitel.com.br,185.230.63.107
wixdns,fatcat.online,185.230.63.107
wixdns,archivinci.com,185.230.63.107
